station,driver,rider1,rider2,rider3,VMT,save_d,save_r1,save_r2,save_r3,T_d,T_r1,T_r2,T_r3,cost_d,cost_r1,cost_r2,cost_r3,detour_d,detour_r1,detour_r2,detour_r3,size,type,num_riders
0,1,9936,0,0,18.501,8.8137,8.4553,0.0,0.0,2199,1171.0,0.0,0.0,12.0,12.32,0.0,0.0,155,0.0,0.0,0.0,one,SR,1
0,2057,4197,0,0,18.7685,9.2938,8.2655,0.0,0.0,1725,1139.0,0.0,0.0,7.23,12.09,0.0,0.0,109,0.0,0.0,0.0,one,SR,1
0,25,442,0,0,15.7308,8.6015,6.1584,0.0,0.0,1244,802.0,0.0,0.0,4.32,9.71,0.0,0.0,10,0.0,0.0,0.0,one,SR,1
0,4121,5449,0,0,16.418,8.4474,6.9141,0.0,0.0,1461,923.0,0.0,0.0,5.83,10.57,0.0,0.0,73,0.0,0.0,0.0,one,SR,1
0,33,9502,0,0,25.0035,11.0605,12.219,0.0,0.0,2082,1824.0,0.0,0.0,6.34,17.24,0.0,0.0,304,0.0,0.0,0.0,one,SR,1
0,4129,4214,0,0,12.9965,6.4725,5.6144,0.0,0.0,1123,715.0,0.0,0.0,3.61,9.1,0.0,0.0,117,0.0,0.0,0.0,one,SR,1
0,2101,6271,0,0,14.5476,7.767,5.845,0.0,0.0,1411,752.0,0.0,0.0,6.39,9.36,0.0,0.0,45,0.0,0.0,0.0,one,SR,1
0,4160,4847,0,0,16.598,7.0634,8.3183,0.0,0.0,1799,1149.0,0.0,0.0,7.94,12.16,0.0,0.0,265,0.0,0.0,0.0,one,SR,1
0,66,7668,0,0,14.6455,6.113,7.4187,0.0,0.0,1773,1004.0,0.0,0.0,8.59,11.14,0.0,0.0,267,0.0,0.0,0.0,one,SR,1
0,70,2920,0,0,18.126,8.9691,7.9794,0.0,0.0,1316,1094.0,0.0,0.0,3.22,11.77,0.0,0.0,111,0.0,0.0,0.0,one,SR,1
0,92,4325,0,0,17.2938,9.3478,6.8916,0.0,0.0,1144,920.0,0.0,0.0,2.52,10.54,0.0,0.0,10,0.0,0.0,0.0,one,SR,1
0,97,1262,0,0,18.0428,8.0724,8.7102,0.0,0.0,1671,1211.0,0.0,0.0,6.2,12.6,0.0,0.0,223,0.0,0.0,0.0,one,SR,1
0,4191,2330,0,0,29.3768,14.9666,12.629,0.0,0.0,2216,1897.0,0.0,0.0,7.24,17.81,0.0,0.0,73,0.0,0.0,0.0,one,SR,1
0,4196,8710,0,0,24.4664,11.7689,11.1311,0.0,0.0,1927,1623.0,0.0,0.0,6.14,15.66,0.0,0.0,159,0.0,0.0,0.0,one,SR,1
0,115,2889,0,0,15.3733,7.723,6.627,0.0,0.0,1455,876.0,0.0,0.0,6.07,10.23,0.0,0.0,102,0.0,0.0,0.0,one,SR,1
0,4211,2232,0,0,23.6876,12.1827,10.0882,0.0,0.0,1883,1432.0,0.0,0.0,7.02,14.17,0.0,0.0,39,0.0,0.0,0.0,one,SR,1
0,2169,7402,0,0,24.2718,12.456,10.3591,0.0,0.0,1740,1483.0,0.0,0.0,5.16,14.57,0.0,0.0,45,0.0,0.0,0.0,one,SR,1
0,125,2117,0,0,20.8672,9.7692,9.7233,0.0,0.0,1799,1373.0,0.0,0.0,6.52,13.75,0.0,0.0,178,0.0,0.0,0.0,one,SR,1
0,4223,3920,0,0,17.4783,8.1701,8.116,0.0,0.0,1559,1115.0,0.0,0.0,5.64,11.92,0.0,0.0,175,0.0,0.0,0.0,one,SR,1
0,2177,4261,0,0,24.5536,10.6855,12.1535,0.0,0.0,2501,1812.0,0.0,0.0,10.83,17.15,0.0,0.0,324,0.0,0.0,0.0,one,SR,1
0,4228,1594,0,0,14.7522,6.832,6.8686,0.0,0.0,1259,916.0,0.0,0.0,3.75,10.52,0.0,0.0,180,0.0,0.0,0.0,one,SR,1
0,134,8390,0,0,26.2321,13.5009,11.16,0.0,0.0,2668,1629.0,0.0,0.0,13.87,15.71,0.0,0.0,44,0.0,0.0,0.0,one,SR,1
0,146,7504,0,0,12.9826,5.9031,6.1142,0.0,0.0,1568,794.0,0.0,0.0,7.78,9.65,0.0,0.0,190,0.0,0.0,0.0,one,SR,1
0,153,7468,0,0,12.8149,6.2701,5.6331,0.0,0.0,1152,718.0,0.0,0.0,3.89,9.12,0.0,0.0,132,0.0,0.0,0.0,one,SR,1
0,156,8798,0,0,24.0375,10.291,12.0484,0.0,0.0,2062,1791.0,0.0,0.0,6.37,16.98,0.0,0.0,341,0.0,0.0,0.0,one,SR,1
0,4270,5064,0,0,13.2034,6.296,5.959,0.0,0.0,1227,770.0,0.0,0.0,4.35,9.48,0.0,0.0,153,0.0,0.0,0.0,one,SR,1
0,4273,1614,0,0,15.8411,8.3857,6.4512,0.0,0.0,1378,849.0,0.0,0.0,5.43,10.04,0.0,0.0,45,0.0,0.0,0.0,one,SR,1
0,185,183,0,0,14.4426,6.5615,6.8345,0.0,0.0,1253,909.0,0.0,0.0,3.74,10.47,0.0,0.0,195,0.0,0.0,0.0,one,SR,1
0,186,426,0,0,19.1394,8.1133,9.6577,0.0,0.0,1792,1364.0,0.0,0.0,6.5,13.68,0.0,0.0,287,0.0,0.0,0.0,one,SR,1
0,4281,9143,0,0,13.7713,6.9402,5.8905,0.0,0.0,1126,759.0,0.0,0.0,3.36,9.41,0.0,0.0,104,0.0,0.0,0.0,one,SR,1
0,2236,4944,0,0,20.662,10.9274,8.4984,0.0,0.0,1423,1177.0,0.0,0.0,3.82,12.36,0.0,0.0,14,0.0,0.0,0.0,one,SR,1
0,4283,3370,0,0,13.9013,6.6767,6.2437,0.0,0.0,1227,816.0,0.0,0.0,4.06,9.81,0.0,0.0,147,0.0,0.0,0.0,one,SR,1
0,190,2648,0,0,20.4235,8.6414,10.3301,0.0,0.0,2182,1477.0,0.0,0.0,9.84,14.52,0.0,0.0,302,0.0,0.0,0.0,one,SR,1
0,4288,4055,0,0,20.2948,9.2176,9.7046,0.0,0.0,1809,1370.0,0.0,0.0,6.64,13.73,0.0,0.0,214,0.0,0.0,0.0,one,SR,1
0,2241,5095,0,0,18.7506,8.8931,8.6087,0.0,0.0,1399,1195.0,0.0,0.0,3.45,12.49,0.0,0.0,160,0.0,0.0,0.0,one,SR,1
0,2244,3238,0,0,18.6382,7.8889,9.4099,0.0,0.0,1705,1323.0,0.0,0.0,5.85,13.39,0.0,0.0,284,0.0,0.0,0.0,one,SR,1
0,2290,4406,0,0,15.7802,8.094,6.6587,0.0,0.0,1762,882.0,0.0,0.0,9.25,10.28,0.0,0.0,79,0.0,0.0,0.0,one,SR,1
0,2291,9335,0,0,24.9116,12.5445,10.8415,0.0,0.0,1924,1571.0,0.0,0.0,6.47,15.26,0.0,0.0,81,0.0,0.0,0.0,one,SR,1
0,249,8614,0,0,14.6176,7.5469,6.1061,0.0,0.0,1370,793.0,0.0,0.0,5.7,9.65,0.0,0.0,78,0.0,0.0,0.0,one,SR,1
0,2316,1870,0,0,17.0772,8.7131,7.2673,0.0,0.0,1398,980.0,0.0,0.0,4.81,10.97,0.0,0.0,79,0.0,0.0,0.0,one,SR,1
0,283,3828,0,0,15.1825,7.3695,6.7727,0.0,0.0,1532,900.0,0.0,0.0,6.72,10.4,0.0,0.0,136,0.0,0.0,0.0,one,SR,1
0,290,9193,0,0,16.4909,8.0346,7.3502,0.0,0.0,1425,993.0,0.0,0.0,5.01,11.06,0.0,0.0,131,0.0,0.0,0.0,one,SR,1
0,2355,4370,0,0,12.7795,6.1774,5.6849,0.0,0.0,1272,726.0,0.0,0.0,5.1,9.17,0.0,0.0,142,0.0,0.0,0.0,one,SR,1
0,2369,628,0,0,19.3157,8.6901,9.2983,0.0,0.0,1975,1306.0,0.0,0.0,8.79,13.27,0.0,0.0,222,0.0,0.0,0.0,one,SR,1
0,2371,8515,0,0,21.7253,10.7302,9.6304,0.0,0.0,1648,1359.0,0.0,0.0,5.02,13.65,0.0,0.0,106,0.0,0.0,0.0,one,SR,1
0,2377,7289,0,0,13.4726,6.7179,5.8219,0.0,0.0,1300,748.0,0.0,0.0,5.25,9.33,0.0,0.0,115,0.0,0.0,0.0,one,SR,1
0,2384,7622,0,0,13.453,6.772,5.7567,0.0,0.0,1163,736.0,0.0,0.0,3.89,9.24,0.0,0.0,106,0.0,0.0,0.0,one,SR,1
0,2390,1929,0,0,20.6825,9.6299,9.6821,0.0,0.0,2149,1367.0,0.0,0.0,10.23,13.7,0.0,0.0,185,0.0,0.0,0.0,one,SR,1
0,348,187,0,0,14.984,7.0373,6.893,0.0,0.0,1295,919.0,0.0,0.0,4.11,10.54,0.0,0.0,167,0.0,0.0,0.0,one,SR,1
0,2424,2257,0,0,25.1752,12.9622,10.7069,0.0,0.0,2370,1546.0,0.0,0.0,11.33,15.06,0.0,0.0,41,0.0,0.0,0.0,one,SR,1
0,2425,846,0,0,13.5771,7.0543,5.6139,0.0,0.0,1113,714.0,0.0,0.0,3.51,9.09,0.0,0.0,77,0.0,0.0,0.0,one,SR,1
0,4476,1336,0,0,21.3663,10.74,9.2997,0.0,0.0,1671,1305.0,0.0,0.0,5.61,13.27,0.0,0.0,82,0.0,0.0,0.0,one,SR,1
0,2431,5895,0,0,24.3355,11.0443,11.6495,0.0,0.0,2407,1719.0,0.0,0.0,10.5,16.42,0.0,0.0,255,0.0,0.0,0.0,one,SR,1
0,2432,498,0,0,14.9317,7.2486,6.6562,0.0,0.0,1169,881.0,0.0,0.0,3.03,10.27,0.0,0.0,136,0.0,0.0,0.0,one,SR,1
0,388,7478,0,0,17.3255,7.0051,9.0242,0.0,0.0,2150,1262.0,0.0,0.0,10.91,12.96,0.0,0.0,318,0.0,0.0,0.0,one,SR,1
0,2443,2767,0,0,18.4267,9.9585,7.3608,0.0,0.0,1635,995.0,0.0,0.0,7.2,11.07,0.0,0.0,1,0.0,0.0,0.0,one,SR,1
0,396,6472,0,0,20.6718,10.4069,8.9743,0.0,0.0,1864,1254.0,0.0,0.0,7.96,12.91,0.0,0.0,83,0.0,0.0,0.0,one,SR,1
0,397,9590,0,0,22.9246,10.0878,11.2531,0.0,0.0,2749,1645.0,0.0,0.0,14.61,15.84,0.0,0.0,284,0.0,0.0,0.0,one,SR,1
0,4492,7493,0,0,15.7051,8.3191,6.3889,0.0,0.0,1539,839.0,0.0,0.0,7.18,9.97,0.0,0.0,45,0.0,0.0,0.0,one,SR,1
0,413,4230,0,0,22.1489,10.3112,10.3795,0.0,0.0,2614,1485.0,0.0,0.0,14.32,14.58,0.0,0.0,192,0.0,0.0,0.0,one,SR,1
0,416,9231,0,0,20.1076,10.1132,8.7313,0.0,0.0,1458,1215.0,0.0,0.0,3.94,12.63,0.0,0.0,86,0.0,0.0,0.0,one,SR,1
0,429,210,0,0,22.0458,9.72,10.8049,0.0,0.0,1721,1565.0,0.0,0.0,4.38,15.21,0.0,0.0,271,0.0,0.0,0.0,one,SR,1
0,2484,9868,0,0,16.5147,8.7136,6.7621,0.0,0.0,1333,898.0,0.0,0.0,4.65,10.39,0.0,0.0,44,0.0,0.0,0.0,one,SR,1
0,4538,3518,0,0,23.0154,11.3202,10.2534,0.0,0.0,2052,1464.0,0.0,0.0,8.57,14.42,0.0,0.0,113,0.0,0.0,0.0,one,SR,1
0,2500,933,0,0,12.967,6.2948,5.7486,0.0,0.0,1250,735.0,0.0,0.0,4.81,9.24,0.0,0.0,138,0.0,0.0,0.0,one,SR,1
0,4552,2470,0,0,16.2535,7.5696,7.5552,0.0,0.0,1358,1025.0,0.0,0.0,4.1,11.29,0.0,0.0,177,0.0,0.0,0.0,one,SR,1
0,2513,5699,0,0,24.2171,10.9422,11.6348,0.0,0.0,2294,1717.0,0.0,0.0,9.33,16.4,0.0,0.0,261,0.0,0.0,0.0,one,SR,1
0,471,2865,0,0,22.6044,10.6474,10.483,0.0,0.0,1726,1505.0,0.0,0.0,4.86,14.74,0.0,0.0,179,0.0,0.0,0.0,one,SR,1
0,2519,2798,0,0,12.4791,5.759,5.7908,0.0,0.0,1376,743.0,0.0,0.0,6.08,9.29,0.0,0.0,178,0.0,0.0,0.0,one,SR,1
0,4569,4460,0,0,14.8679,8.1112,5.8238,0.0,0.0,1204,748.0,0.0,0.0,4.25,9.33,0.0,0.0,20,0.0,0.0,0.0,one,SR,1
0,477,7540,0,0,16.5152,8.6921,6.7814,0.0,0.0,1359,902.0,0.0,0.0,4.89,10.42,0.0,0.0,47,0.0,0.0,0.0,one,SR,1
0,4575,666,0,0,14.1209,6.7033,6.4176,0.0,0.0,1314,843.0,0.0,0.0,4.8,10.0,0.0,0.0,157,0.0,0.0,0.0,one,SR,1
0,4580,5993,0,0,19.4088,9.0209,9.0846,0.0,0.0,1807,1272.0,0.0,0.0,7.24,13.03,0.0,0.0,185,0.0,0.0,0.0,one,SR,1
0,4582,3527,0,0,20.2445,9.6756,9.2479,0.0,0.0,1742,1297.0,0.0,0.0,6.4,13.21,0.0,0.0,151,0.0,0.0,0.0,one,SR,1
0,4588,5207,0,0,19.044,8.5565,9.1751,0.0,0.0,1774,1285.0,0.0,0.0,6.81,13.12,0.0,0.0,222,0.0,0.0,0.0,one,SR,1
0,2544,4320,0,0,32.7982,16.0228,14.6962,0.0,0.0,2685,2277.0,0.0,0.0,9.48,20.79,0.0,0.0,184,0.0,0.0,0.0,one,SR,1
0,500,8644,0,0,11.7309,5.1161,5.6968,0.0,0.0,1401,727.0,0.0,0.0,6.45,9.18,0.0,0.0,215,0.0,0.0,0.0,one,SR,1
0,2552,9995,0,0,15.8704,7.447,7.3209,0.0,0.0,1793,988.0,0.0,0.0,8.9,11.03,0.0,0.0,169,0.0,0.0,0.0,one,SR,1
0,4602,3290,0,0,21.64,8.7153,11.3293,0.0,0.0,2644,1660.0,0.0,0.0,13.4,15.95,0.0,0.0,385,0.0,0.0,0.0,one,SR,1
0,507,721,0,0,28.668,11.5473,14.9984,0.0,0.0,3323,2332.0,0.0,0.0,15.79,21.22,0.0,0.0,515,0.0,0.0,0.0,one,SR,1
0,519,4943,0,0,16.616,9.035,6.5647,0.0,0.0,1317,866.0,0.0,0.0,4.68,10.16,0.0,0.0,8,0.0,0.0,0.0,one,SR,1
0,521,3161,0,0,16.7486,8.8524,6.8475,0.0,0.0,1217,912.0,0.0,0.0,3.34,10.49,0.0,0.0,40,0.0,0.0,0.0,one,SR,1
0,2578,7855,0,0,24.3323,12.3092,10.5414,0.0,0.0,2361,1515.0,0.0,0.0,11.45,14.82,0.0,0.0,70,0.0,0.0,0.0,one,SR,1
0,4626,4519,0,0,18.7223,8.6005,8.8468,0.0,0.0,1817,1232.0,0.0,0.0,7.6,12.75,0.0,0.0,196,0.0,0.0,0.0,one,SR,1
0,537,5054,0,0,17.087,8.0373,7.8835,0.0,0.0,1727,1078.0,0.0,0.0,7.64,11.66,0.0,0.0,168,0.0,0.0,0.0,one,SR,1
0,2586,4660,0,0,16.8199,8.8751,6.8911,0.0,0.0,1547,919.0,0.0,0.0,6.76,10.54,0.0,0.0,42,0.0,0.0,0.0,one,SR,1
0,539,3968,0,0,17.5106,9.1376,7.2754,0.0,0.0,1370,981.0,0.0,0.0,4.51,10.98,0.0,0.0,51,0.0,0.0,0.0,one,SR,1
0,2592,2092,0,0,15.8079,8.5638,6.2618,0.0,0.0,1135,818.0,0.0,0.0,3.08,9.82,0.0,0.0,19,0.0,0.0,0.0,one,SR,1
0,2599,9576,0,0,22.3638,9.6009,11.1871,0.0,0.0,2109,1635.0,0.0,0.0,7.96,15.76,0.0,0.0,313,0.0,0.0,0.0,one,SR,1
0,2603,894,0,0,19.3728,8.8651,9.1924,0.0,0.0,1761,1289.0,0.0,0.0,6.65,13.15,0.0,0.0,203,0.0,0.0,0.0,one,SR,1
0,566,9325,0,0,17.3554,8.7863,7.4518,0.0,0.0,1286,1009.0,0.0,0.0,3.45,11.17,0.0,0.0,87,0.0,0.0,0.0,one,SR,1
0,4665,9570,0,0,30.5981,15.7934,12.9725,0.0,0.0,2557,1962.0,0.0,0.0,10.36,18.32,0.0,0.0,48,0.0,0.0,0.0,one,SR,1
0,2619,2686,0,0,20.1231,9.4035,9.3831,0.0,0.0,1729,1319.0,0.0,0.0,6.13,13.37,0.0,0.0,179,0.0,0.0,0.0,one,SR,1
0,2624,6172,0,0,15.4302,8.2156,6.235,0.0,0.0,1050,814.0,0.0,0.0,2.21,9.79,0.0,0.0,41,0.0,0.0,0.0,one,SR,1
0,4676,8149,0,0,15.1455,7.7172,6.4276,0.0,0.0,1334,844.0,0.0,0.0,5.0,10.01,0.0,0.0,88,0.0,0.0,0.0,one,SR,1
0,4695,5605,0,0,26.9173,10.4315,14.4434,0.0,0.0,4115,2230.0,0.0,0.0,24.83,20.42,0.0,0.0,542,0.0,0.0,0.0,one,SR,1
0,605,1842,0,0,22.9928,11.613,9.9755,0.0,0.0,1800,1415.0,0.0,0.0,6.26,14.04,0.0,0.0,70,0.0,0.0,0.0,one,SR,1
0,4718,2579,0,0,16.9796,8.2496,7.5956,0.0,0.0,1703,1033.0,0.0,0.0,7.67,11.34,0.0,0.0,134,0.0,0.0,0.0,one,SR,1
0,2683,8311,0,0,15.5026,7.7987,6.6749,0.0,0.0,1704,884.0,0.0,0.0,8.63,10.29,0.0,0.0,100,0.0,0.0,0.0,one,SR,1
0,4760,533,0,0,16.3842,7.6347,7.6138,0.0,0.0,1385,1035.0,0.0,0.0,4.32,11.36,0.0,0.0,177,0.0,0.0,0.0,one,SR,1
0,2717,2260,0,0,21.2879,10.7883,9.1856,0.0,0.0,2423,1287.0,0.0,0.0,13.62,13.14,0.0,0.0,71,0.0,0.0,0.0,one,SR,1
0,2729,1135,0,0,22.9324,11.1585,10.3228,0.0,0.0,2397,1476.0,0.0,0.0,12.11,14.51,0.0,0.0,130,0.0,0.0,0.0,one,SR,1
0,4777,5435,0,0,14.9459,6.7526,7.1148,0.0,0.0,1387,954.0,0.0,0.0,4.86,10.78,0.0,0.0,202,0.0,0.0,0.0,one,SR,1
0,686,840,0,0,14.1224,7.4641,5.7361,0.0,0.0,1126,733.0,0.0,0.0,3.52,9.22,0.0,0.0,57,0.0,0.0,0.0,one,SR,1
0,688,6413,0,0,12.2917,5.7519,5.6288,0.0,0.0,1554,717.0,0.0,0.0,8.12,9.11,0.0,0.0,167,0.0,0.0,0.0,one,SR,1
0,4795,8861,0,0,13.6289,6.6749,6.0007,0.0,0.0,1307,777.0,0.0,0.0,5.14,9.53,0.0,0.0,130,0.0,0.0,0.0,one,SR,1
0,4815,7561,0,0,14.6752,7.6221,6.0898,0.0,0.0,1375,791.0,0.0,0.0,5.77,9.63,0.0,0.0,72,0.0,0.0,0.0,one,SR,1
0,731,5741,0,0,28.3739,13.0802,13.4003,0.0,0.0,2531,2040.0,0.0,0.0,9.54,18.93,0.0,0.0,270,0.0,0.0,0.0,one,SR,1
0,734,2227,0,0,16.1409,8.7738,6.3721,0.0,0.0,1083,836.0,0.0,0.0,2.42,9.95,0.0,0.0,13,0.0,0.0,0.0,one,SR,1
0,2782,4379,0,0,13.787,6.8997,5.9417,0.0,0.0,1201,766.0,0.0,0.0,4.1,9.46,0.0,0.0,110,0.0,0.0,0.0,one,SR,1
0,4834,700,0,0,18.2857,9.0972,8.0081,0.0,0.0,1374,1098.0,0.0,0.0,3.8,11.8,0.0,0.0,104,0.0,0.0,0.0,one,SR,1
0,4846,7536,0,0,13.0406,5.1847,6.8106,0.0,0.0,1879,907.0,0.0,0.0,10.32,10.45,0.0,0.0,288,0.0,0.0,0.0,one,SR,1
0,2799,9593,0,0,16.1777,8.7771,6.4027,0.0,0.0,1124,840.0,0.0,0.0,2.82,9.98,0.0,0.0,14,0.0,0.0,0.0,one,SR,1
0,2800,7553,0,0,36.6514,17.6412,16.6511,0.0,0.0,3491,2634.0,0.0,0.0,15.42,23.59,0.0,0.0,245,0.0,0.0,0.0,one,SR,1
0,755,5688,0,0,18.4156,8.932,8.2736,0.0,0.0,1518,1140.0,0.0,0.0,5.05,12.1,0.0,0.0,134,0.0,0.0,0.0,one,SR,1
0,767,4452,0,0,17.8322,9.2492,7.4642,0.0,0.0,1298,1011.0,0.0,0.0,3.56,11.19,0.0,0.0,56,0.0,0.0,0.0,one,SR,1
0,778,8171,0,0,20.0689,10.4466,8.3982,0.0,0.0,1570,1160.0,0.0,0.0,5.47,12.24,0.0,0.0,39,0.0,0.0,0.0,one,SR,1
0,790,9138,0,0,14.0827,6.3794,6.6736,0.0,0.0,1307,885.0,0.0,0.0,4.46,10.3,0.0,0.0,197,0.0,0.0,0.0,one,SR,1
0,4886,4985,0,0,16.9746,8.8507,7.0525,0.0,0.0,1146,944.0,0.0,0.0,2.39,10.71,0.0,0.0,54,0.0,0.0,0.0,one,SR,1
0,797,613,0,0,24.9526,13.0587,10.4286,0.0,0.0,1831,1494.0,0.0,0.0,6.04,14.65,0.0,0.0,9,0.0,0.0,0.0,one,SR,1
0,4893,4722,0,0,17.9034,9.7127,7.1116,0.0,0.0,1072,955.0,0.0,0.0,1.54,10.79,0.0,0.0,0,0.0,0.0,0.0,one,SR,1
0,2861,5847,0,0,31.4237,15.023,14.3686,0.0,0.0,3135,2217.0,0.0,0.0,14.63,20.32,0.0,0.0,223,0.0,0.0,0.0,one,SR,1
0,2877,9658,0,0,16.4152,7.9375,7.3702,0.0,0.0,1255,995.0,0.0,0.0,3.21,11.07,0.0,0.0,139,0.0,0.0,0.0,one,SR,1
0,4933,2120,0,0,16.2072,6.8453,8.1639,0.0,0.0,1652,1123.0,0.0,0.0,6.56,11.98,0.0,0.0,269,0.0,0.0,0.0,one,SR,1
0,2887,8228,0,0,17.4908,8.238,8.0661,0.0,0.0,1359,1107.0,0.0,0.0,3.59,11.87,0.0,0.0,167,0.0,0.0,0.0,one,SR,1
0,4947,9886,0,0,15.4054,7.2745,7.0587,0.0,0.0,1433,945.0,0.0,0.0,5.4,10.72,0.0,0.0,162,0.0,0.0,0.0,one,SR,1
0,2907,5561,0,0,21.8626,11.5718,8.9973,0.0,0.0,1662,1258.0,0.0,0.0,5.81,12.93,0.0,0.0,5,0.0,0.0,0.0,one,SR,1
0,869,6426,0,0,22.7762,11.986,9.4459,0.0,0.0,2147,1330.0,0.0,0.0,10.44,13.44,0.0,0.0,8,0.0,0.0,0.0,one,SR,1
0,4968,1541,0,0,15.3475,7.3106,6.974,0.0,0.0,1405,932.0,0.0,0.0,5.19,10.63,0.0,0.0,154,0.0,0.0,0.0,one,SR,1
0,908,2387,0,0,16.0062,8.4303,6.5604,0.0,0.0,1170,865.0,0.0,0.0,3.15,10.16,0.0,0.0,49,0.0,0.0,0.0,one,SR,1
0,2980,6891,0,0,25.2154,13.2454,10.4937,0.0,0.0,1920,1508.0,0.0,0.0,6.87,14.76,0.0,0.0,3,0.0,0.0,0.0,one,SR,1
0,948,5905,0,0,16.3062,8.3633,6.8892,0.0,0.0,1751,919.0,0.0,0.0,8.9,10.54,0.0,0.0,77,0.0,0.0,0.0,one,SR,1
0,3005,8381,0,0,17.0909,9.1145,6.9198,0.0,0.0,1337,923.0,0.0,0.0,4.53,10.57,0.0,0.0,27,0.0,0.0,0.0,one,SR,1
0,3007,5968,0,0,18.4099,9.0619,8.1514,0.0,0.0,1218,1121.0,0.0,0.0,2.02,11.97,0.0,0.0,117,0.0,0.0,0.0,one,SR,1
0,976,5865,0,0,24.3969,11.135,11.6241,0.0,0.0,2284,1714.0,0.0,0.0,9.24,16.38,0.0,0.0,246,0.0,0.0,0.0,one,SR,1
0,3031,8725,0,0,14.2251,6.5023,6.6917,0.0,0.0,1190,887.0,0.0,0.0,3.22,10.31,0.0,0.0,190,0.0,0.0,0.0,one,SR,1
0,1019,2571,0,0,18.4473,8.258,8.9072,0.0,0.0,1550,1242.0,0.0,0.0,4.74,12.82,0.0,0.0,224,0.0,0.0,0.0,one,SR,1
0,3076,1239,0,0,20.3901,10.5736,8.5726,0.0,0.0,1369,1188.0,0.0,0.0,3.18,12.44,0.0,0.0,43,0.0,0.0,0.0,one,SR,1
0,3080,5215,0,0,14.386,6.3075,7.0113,0.0,0.0,1623,938.0,0.0,0.0,7.44,10.67,0.0,0.0,225,0.0,0.0,0.0,one,SR,1
0,1056,1436,0,0,14.6869,7.666,6.0619,0.0,0.0,1131,785.0,0.0,0.0,3.24,9.59,0.0,0.0,66,0.0,0.0,0.0,one,SR,1
0,3105,6860,0,0,19.7568,8.5031,9.8628,0.0,0.0,1903,1396.0,0.0,0.0,7.46,13.91,0.0,0.0,274,0.0,0.0,0.0,one,SR,1
0,3106,790,0,0,19.4944,9.0908,9.0989,0.0,0.0,1810,1274.0,0.0,0.0,7.26,13.05,0.0,0.0,181,0.0,0.0,0.0,one,SR,1
0,3121,4281,0,0,14.5408,7.6794,5.9187,0.0,0.0,1087,762.0,0.0,0.0,2.93,9.43,0.0,0.0,55,0.0,0.0,0.0,one,SR,1
0,1079,7752,0,0,13.6817,6.6248,6.0936,0.0,0.0,1409,791.0,0.0,0.0,6.13,9.63,0.0,0.0,140,0.0,0.0,0.0,one,SR,1
0,3133,3214,0,0,18.4594,8.6447,8.5707,0.0,0.0,1370,1188.0,0.0,0.0,3.19,12.44,0.0,0.0,174,0.0,0.0,0.0,one,SR,1
0,1095,1196,0,0,20.4217,9.185,9.8479,0.0,0.0,2048,1393.0,0.0,0.0,9.0,13.89,0.0,0.0,226,0.0,0.0,0.0,one,SR,1
0,3180,6348,0,0,15.5689,6.89,7.5509,0.0,0.0,1763,1024.0,0.0,0.0,8.36,11.28,0.0,0.0,223,0.0,0.0,0.0,one,SR,1
0,1136,4210,0,0,15.0459,7.786,6.2762,0.0,0.0,1237,820.0,0.0,0.0,4.13,9.84,0.0,0.0,73,0.0,0.0,0.0,one,SR,1
0,1146,9191,0,0,18.9047,8.846,8.7893,0.0,0.0,1447,1224.0,0.0,0.0,3.77,12.69,0.0,0.0,176,0.0,0.0,0.0,one,SR,1
0,1149,1244,0,0,13.2863,5.6871,6.5801,0.0,0.0,1476,870.0,0.0,0.0,6.33,10.19,0.0,0.0,238,0.0,0.0,0.0,one,SR,1
0,1154,9333,0,0,20.2542,9.4999,9.4142,0.0,0.0,1992,1324.0,0.0,0.0,8.86,13.4,0.0,0.0,175,0.0,0.0,0.0,one,SR,1
0,1155,4349,0,0,18.1229,8.8702,8.0661,0.0,0.0,1252,1107.0,0.0,0.0,2.47,11.87,0.0,0.0,124,0.0,0.0,0.0,one,SR,1
0,3206,7890,0,0,18.0467,9.1893,7.711,0.0,0.0,1298,1050.0,0.0,0.0,3.31,11.46,0.0,0.0,77,0.0,0.0,0.0,one,SR,1
0,3217,6868,0,0,31.808,15.8231,14.0045,0.0,0.0,3059,2151.0,0.0,0.0,14.3,19.8,0.0,0.0,137,0.0,0.0,0.0,one,SR,1
0,1204,4935,0,0,27.7171,14.5969,11.5005,0.0,0.0,1884,1691.0,0.0,0.0,5.2,16.2,0.0,0.0,-1,0.0,0.0,0.0,one,SR,1
0,1217,3612,0,0,21.4667,9.7178,10.3009,0.0,0.0,1755,1472.0,0.0,0.0,5.4,14.48,0.0,0.0,226,0.0,0.0,0.0,one,SR,1
0,1222,3152,0,0,12.9081,5.5876,6.3304,0.0,0.0,1494,829.0,0.0,0.0,6.78,9.9,0.0,0.0,227,0.0,0.0,0.0,one,SR,1
0,3280,3182,0,0,16.9864,7.986,7.8386,0.0,0.0,1562,1072.0,0.0,0.0,5.94,11.62,0.0,0.0,169,0.0,0.0,0.0,one,SR,1
0,3283,797,0,0,12.6602,5.5283,6.1616,0.0,0.0,1478,801.0,0.0,0.0,6.79,9.7,0.0,0.0,219,0.0,0.0,0.0,one,SR,1
0,1239,6690,0,0,17.8582,9.4587,7.2998,0.0,0.0,1088,984.0,0.0,0.0,1.53,11.0,0.0,0.0,30,0.0,0.0,0.0,one,SR,1
0,3292,9839,0,0,13.8056,6.914,5.9446,0.0,0.0,1273,768.0,0.0,0.0,4.84,9.47,0.0,0.0,110,0.0,0.0,0.0,one,SR,1
0,3295,9376,0,0,13.5679,6.54,6.0682,0.0,0.0,1292,786.0,0.0,0.0,4.93,9.6,0.0,0.0,143,0.0,0.0,0.0,one,SR,1
0,3301,8265,0,0,18.5312,9.0029,8.3134,0.0,0.0,2255,1147.0,0.0,0.0,12.74,12.15,0.0,0.0,132,0.0,0.0,0.0,one,SR,1
0,1267,196,0,0,12.5169,5.7917,5.7951,0.0,0.0,1529,744.0,0.0,0.0,7.68,9.3,0.0,0.0,176,0.0,0.0,0.0,one,SR,1
0,1272,8612,0,0,18.8857,9.7099,7.9962,0.0,0.0,1894,1097.0,0.0,0.0,9.27,11.8,0.0,0.0,62,0.0,0.0,0.0,one,SR,1
0,3325,2570,0,0,19.6599,10.1473,8.2991,0.0,0.0,1529,1145.0,0.0,0.0,5.13,12.14,0.0,0.0,53,0.0,0.0,0.0,one,SR,1
0,1294,9801,0,0,13.6126,6.5885,6.0644,0.0,0.0,1186,786.0,0.0,0.0,3.82,9.6,0.0,0.0,140,0.0,0.0,0.0,one,SR,1
0,3344,3095,0,0,25.2844,10.9466,12.5652,0.0,0.0,2248,1886.0,0.0,0.0,7.65,17.73,0.0,0.0,342,0.0,0.0,0.0,one,SR,1
0,3346,2562,0,0,14.0346,6.4726,6.5479,0.0,0.0,1468,863.0,0.0,0.0,6.29,10.14,0.0,0.0,181,0.0,0.0,0.0,one,SR,1
0,1303,1408,0,0,22.77,11.9482,9.4746,0.0,0.0,1518,1334.0,0.0,0.0,3.81,13.47,0.0,0.0,12,0.0,0.0,0.0,one,SR,1
0,3351,2272,0,0,15.6125,8.2466,6.3716,0.0,0.0,1111,835.0,0.0,0.0,2.72,9.94,0.0,0.0,48,0.0,0.0,0.0,one,SR,1
0,1321,6902,0,0,26.6885,11.9693,12.898,0.0,0.0,2623,1948.0,0.0,0.0,11.15,18.21,0.0,0.0,302,0.0,0.0,0.0,one,SR,1
0,3380,3835,0,0,31.4357,13.2622,15.9195,0.0,0.0,2939,2500.0,0.0,0.0,10.57,22.54,0.0,0.0,479,0.0,0.0,0.0,one,SR,1
0,1342,3878,0,0,16.908,8.5797,7.2356,0.0,0.0,1357,974.0,0.0,0.0,4.41,10.93,0.0,0.0,86,0.0,0.0,0.0,one,SR,1
0,1347,8450,0,0,18.5953,9.27,8.1308,0.0,0.0,1796,1118.0,0.0,0.0,8.11,11.94,0.0,0.0,101,0.0,0.0,0.0,one,SR,1
0,1356,6221,0,0,14.2293,6.7739,6.4512,0.0,0.0,1292,849.0,0.0,0.0,4.53,10.04,0.0,0.0,155,0.0,0.0,0.0,one,SR,1
0,1360,4987,0,0,13.767,6.2996,6.4617,0.0,0.0,1218,851.0,0.0,0.0,3.74,10.06,0.0,0.0,188,0.0,0.0,0.0,one,SR,1
0,1378,7269,0,0,27.6763,13.2973,12.6017,0.0,0.0,2256,1892.0,0.0,0.0,7.69,17.77,0.0,0.0,184,0.0,0.0,0.0,one,SR,1
0,3439,6648,0,0,22.476,10.8145,10.2245,0.0,0.0,2192,1458.0,0.0,0.0,10.08,14.37,0.0,0.0,145,0.0,0.0,0.0,one,SR,1
0,1402,6250,0,0,20.7771,9.7144,9.6908,0.0,0.0,1997,1369.0,0.0,0.0,8.62,13.72,0.0,0.0,180,0.0,0.0,0.0,one,SR,1
0,1416,1171,0,0,16.9621,9.2254,6.7042,0.0,0.0,1371,889.0,0.0,0.0,5.1,10.33,0.0,0.0,5,0.0,0.0,0.0,one,SR,1
0,3470,801,0,0,14.233,6.0921,7.0674,0.0,0.0,1516,947.0,0.0,0.0,6.26,10.74,0.0,0.0,244,0.0,0.0,0.0,one,SR,1
0,3478,8301,0,0,21.1807,10.876,9.0098,0.0,0.0,1539,1260.0,0.0,0.0,4.51,12.95,0.0,0.0,53,0.0,0.0,0.0,one,SR,1
0,1433,6351,0,0,24.3163,10.8733,11.7825,0.0,0.0,1938,1743.0,0.0,0.0,5.4,16.61,0.0,0.0,278,0.0,0.0,0.0,one,SR,1
0,1435,7047,0,0,19.087,8.6884,9.0946,0.0,0.0,1604,1273.0,0.0,0.0,5.11,13.04,0.0,0.0,208,0.0,0.0,0.0,one,SR,1
0,1467,5237,0,0,15.9268,8.4159,6.501,0.0,0.0,1109,857.0,0.0,0.0,2.56,10.1,0.0,0.0,46,0.0,0.0,0.0,one,SR,1
0,3571,1744,0,0,18.2497,8.0711,8.8971,0.0,0.0,1479,1241.0,0.0,0.0,4.0,12.81,0.0,0.0,236,0.0,0.0,0.0,one,SR,1
0,1530,7273,0,0,15.2995,6.8262,7.3651,0.0,0.0,1600,996.0,0.0,0.0,6.83,11.08,0.0,0.0,215,0.0,0.0,0.0,one,SR,1
0,3601,654,0,0,12.6597,5.6722,6.0313,0.0,0.0,1300,781.0,0.0,0.0,5.04,9.56,0.0,0.0,200,0.0,0.0,0.0,one,SR,1
0,1563,7616,0,0,17.0111,8.7523,7.1733,0.0,0.0,1293,964.0,0.0,0.0,3.81,10.86,0.0,0.0,70,0.0,0.0,0.0,one,SR,1
0,3614,9989,0,0,22.8458,11.043,10.3484,0.0,0.0,2147,1480.0,0.0,0.0,9.45,14.54,0.0,0.0,140,0.0,0.0,0.0,one,SR,1
0,1573,3933,0,0,15.6697,7.1283,7.4268,0.0,0.0,1200,1005.0,0.0,0.0,2.57,11.15,0.0,0.0,198,0.0,0.0,0.0,one,SR,1
0,3621,902,0,0,15.879,7.1194,7.6224,0.0,0.0,1480,1037.0,0.0,0.0,5.31,11.37,0.0,0.0,213,0.0,0.0,0.0,one,SR,1
0,1633,9071,0,0,16.9605,9.0169,6.8905,0.0,0.0,1530,918.0,0.0,0.0,6.59,10.53,0.0,0.0,32,0.0,0.0,0.0,one,SR,1
0,1653,3401,0,0,15.5435,6.7107,7.6885,0.0,0.0,1662,1047.0,0.0,0.0,7.15,11.44,0.0,0.0,245,0.0,0.0,0.0,one,SR,1
0,3710,5355,0,0,19.9156,8.979,9.5781,0.0,0.0,1896,1350.0,0.0,0.0,7.68,13.58,0.0,0.0,222,0.0,0.0,0.0,one,SR,1
0,1688,1673,0,0,18.2004,9.3121,7.7384,0.0,0.0,1373,1055.0,0.0,0.0,4.07,11.5,0.0,0.0,71,0.0,0.0,0.0,one,SR,1
0,1695,2701,0,0,11.6261,4.8385,5.8512,0.0,0.0,1506,753.0,0.0,0.0,7.39,9.36,0.0,0.0,245,0.0,0.0,0.0,one,SR,1
0,1715,4675,0,0,15.0837,7.9486,6.1641,0.0,0.0,1339,802.0,0.0,0.0,5.32,9.71,0.0,0.0,54,0.0,0.0,0.0,one,SR,1
0,1720,2277,0,0,29.4309,13.9341,13.5791,0.0,0.0,3742,2071.0,0.0,0.0,22.03,19.18,0.0,0.0,227,0.0,0.0,0.0,one,SR,1
0,3771,518,0,0,25.1947,11.4015,12.088,0.0,0.0,2166,1800.0,0.0,0.0,7.4,17.05,0.0,0.0,269,0.0,0.0,0.0,one,SR,1
0,1729,3928,0,0,15.2424,6.3264,7.7633,0.0,0.0,1673,1059.0,0.0,0.0,7.19,11.53,0.0,0.0,276,0.0,0.0,0.0,one,SR,1
0,3781,5988,0,0,17.3525,8.6598,7.5634,0.0,0.0,1240,1026.0,0.0,0.0,2.86,11.29,0.0,0.0,103,0.0,0.0,0.0,one,SR,1
0,1753,4311,0,0,13.7369,6.1358,6.582,0.0,0.0,1266,870.0,0.0,0.0,4.12,10.19,0.0,0.0,207,0.0,0.0,0.0,one,SR,1
0,3829,6674,0,0,31.6174,16.2743,13.4442,0.0,0.0,2446,2047.0,0.0,0.0,8.59,18.99,0.0,0.0,56,0.0,0.0,0.0,one,SR,1
0,1794,8945,0,0,15.2954,7.2364,6.9932,0.0,0.0,1584,936.0,0.0,0.0,7.04,10.66,0.0,0.0,161,0.0,0.0,0.0,one,SR,1
0,1803,6810,0,0,13.8032,5.9089,6.8456,0.0,0.0,1884,912.0,0.0,0.0,10.34,10.49,0.0,0.0,241,0.0,0.0,0.0,one,SR,1
0,3865,3437,0,0,13.5866,6.5285,6.0942,0.0,0.0,1571,792.0,0.0,0.0,7.82,9.64,0.0,0.0,147,0.0,0.0,0.0,one,SR,1
0,1826,8973,0,0,14.7632,8.0342,5.7989,0.0,0.0,1339,744.0,0.0,0.0,5.69,9.3,0.0,0.0,23,0.0,0.0,0.0,one,SR,1
0,3880,7793,0,0,16.7684,8.4666,7.2112,0.0,0.0,1862,971.0,0.0,0.0,9.74,10.9,0.0,0.0,92,0.0,0.0,0.0,one,SR,1
0,3892,3740,0,0,14.2462,6.6375,6.5896,0.0,0.0,1977,870.0,0.0,0.0,11.59,10.19,0.0,0.0,173,0.0,0.0,0.0,one,SR,1
0,1845,9283,0,0,16.5852,8.472,7.0425,0.0,0.0,1139,943.0,0.0,0.0,2.32,10.71,0.0,0.0,80,0.0,0.0,0.0,one,SR,1
0,1854,5510,0,0,21.2167,9.412,10.3503,0.0,0.0,1903,1480.0,0.0,0.0,6.89,14.54,0.0,0.0,251,0.0,0.0,0.0,one,SR,1
0,1861,559,0,0,21.1604,9.5037,10.2212,0.0,0.0,2124,1456.0,0.0,0.0,9.38,14.36,0.0,0.0,233,0.0,0.0,0.0,one,SR,1
0,1869,9819,0,0,15.8584,8.2485,6.5901,0.0,0.0,1079,871.0,0.0,0.0,2.15,10.2,0.0,0.0,64,0.0,0.0,0.0,one,SR,1
0,1871,8481,0,0,17.1907,7.2203,8.7102,0.0,0.0,1923,1211.0,0.0,0.0,8.85,12.6,0.0,0.0,281,0.0,0.0,0.0,one,SR,1
0,3931,9126,0,0,28.4689,13.3001,13.2911,0.0,0.0,2998,2020.0,0.0,0.0,14.58,18.78,0.0,0.0,246,0.0,0.0,0.0,one,SR,1
0,1893,1682,0,0,18.2879,9.1739,7.9415,0.0,0.0,1697,1087.0,0.0,0.0,7.27,11.73,0.0,0.0,94,0.0,0.0,0.0,one,SR,1
0,3955,7942,0,0,27.0691,11.8672,13.3203,0.0,0.0,2291,2025.0,0.0,0.0,7.12,18.82,0.0,0.0,346,0.0,0.0,0.0,one,SR,1
0,3959,5971,0,0,15.438,7.6237,6.7732,0.0,0.0,1615,901.0,0.0,0.0,7.59,10.41,0.0,0.0,119,0.0,0.0,0.0,one,SR,1
0,1918,3993,0,0,16.7306,8.531,7.1197,0.0,0.0,1298,956.0,0.0,0.0,3.91,10.8,0.0,0.0,81,0.0,0.0,0.0,one,SR,1
0,1919,9336,0,0,15.7915,8.1072,6.6568,0.0,0.0,1455,882.0,0.0,0.0,6.03,10.28,0.0,0.0,78,0.0,0.0,0.0,one,SR,1
0,3972,3317,0,0,16.2588,8.4862,6.7359,0.0,0.0,1080,895.0,0.0,0.0,2.01,10.37,0.0,0.0,58,0.0,0.0,0.0,one,SR,1
0,1930,5270,0,0,19.6027,9.8435,8.5209,0.0,0.0,1635,1180.0,0.0,0.0,6.02,12.38,0.0,0.0,89,0.0,0.0,0.0,one,SR,1
0,1934,1056,0,0,29.109,13.6622,13.5354,0.0,0.0,2191,2063.0,0.0,0.0,5.8,19.11,0.0,0.0,242,0.0,0.0,0.0,one,SR,1
0,1961,720,0,0,17.9342,9.1399,7.6536,0.0,0.0,1283,1042.0,0.0,0.0,3.21,11.41,0.0,0.0,77,0.0,0.0,0.0,one,SR,1
0,1966,4595,0,0,16.4355,7.8676,7.4512,0.0,0.0,1372,1008.0,0.0,0.0,4.36,11.17,0.0,0.0,149,0.0,0.0,0.0,one,SR,1
0,4021,1626,0,0,14.3492,7.2387,6.1416,0.0,0.0,1316,799.0,0.0,0.0,5.1,9.69,0.0,0.0,101,0.0,0.0,0.0,one,SR,1
0,4022,3635,0,0,20.9808,9.8084,9.7899,0.0,0.0,1908,1384.0,0.0,0.0,7.59,13.82,0.0,0.0,180,0.0,0.0,0.0,one,SR,1
0,1986,8917,0,0,24.7194,10.6107,12.365,0.0,0.0,2323,1849.0,0.0,0.0,8.7,17.44,0.0,0.0,347,0.0,0.0,0.0,one,SR,1
0,1988,4446,0,0,13.204,6.0014,6.2245,0.0,0.0,1445,812.0,0.0,0.0,6.37,9.78,0.0,0.0,191,0.0,0.0,0.0,one,SR,1
0,1995,847,0,0,20.526,10.4774,8.7807,0.0,0.0,1523,1222.0,0.0,0.0,4.58,12.68,0.0,0.0,64,0.0,0.0,0.0,one,SR,1
0,2005,3030,0,0,16.8206,8.3467,7.3664,0.0,0.0,1829,995.0,0.0,0.0,9.24,11.07,0.0,0.0,111,0.0,0.0,0.0,one,SR,1
0,2006,9885,0,0,19.9772,10.527,8.243,0.0,0.0,1241,1136.0,0.0,0.0,2.17,12.07,0.0,0.0,23,0.0,0.0,0.0,one,SR,1
0,2010,4785,0,0,11.7853,5.1434,5.7204,0.0,0.0,1344,732.0,0.0,0.0,5.82,9.22,0.0,0.0,215,0.0,0.0,0.0,one,SR,1
0,2024,8127,0,0,19.2378,10.185,7.886,0.0,0.0,1363,1079.0,0.0,0.0,3.81,11.67,0.0,0.0,22,0.0,0.0,0.0,one,SR,1
0,4078,6473,0,0,16.9771,8.2383,7.6037,0.0,0.0,1521,1034.0,0.0,0.0,5.76,11.35,0.0,0.0,135,0.0,0.0,0.0,one,SR,1
0,4080,38,0,0,18.0366,7.8473,8.9072,0.0,0.0,1788,1242.0,0.0,0.0,7.24,12.82,0.0,0.0,252,0.0,0.0,0.0,one,SR,1
0,2074,8099,898,0,33.5125,13.5543,9.1601,9.0853,0.0,1709,946.0,937.0,0.0,2.53,8.59,8.54,0.0,127,2.0,3.0,0.0,many,SR,2
0,2081,5826,1279,0,46.9339,18.2963,13.7692,12.4827,0.0,3605,1589.0,1644.0,0.0,16.38,12.22,11.63,0.0,217,20.0,169.0,0.0,many,SR,2
0,4133,2504,570,0,37.1225,14.7304,10.2557,10.2557,0.0,1729,1087.0,1087.0,0.0,1.23,9.4,9.4,0.0,150,0.0,0.0,0.0,many,SR,2
0,4134,8751,358,0,48.1699,18.9354,14.3254,12.4989,0.0,2143,1799.0,1381.0,0.0,0.81,13.03,11.07,0.0,188,102.0,0.0,0.0,many,SR,2
0,41,6168,1311,0,42.3913,16.1973,15.509,8.5027,0.0,2137,1807.0,857.0,0.0,2.8,13.72,8.1,0.0,235,0.0,0.0,0.0,many,SR,2
0,4145,4151,3118,0,32.0651,14.1044,8.1937,8.1937,0.0,3319,816.0,816.0,0.0,20.69,7.87,7.87,0.0,4,0.0,0.0,0.0,many,SR,2
0,4153,4451,812,0,34.9026,14.8167,8.2586,10.1065,0.0,1129,825.0,1068.0,0.0,-3.63,7.92,9.29,0.0,46,0.0,1.0,0.0,many,SR,2
0,4158,9435,2173,0,32.839,10.8853,10.1904,9.907,0.0,2937,1113.0,1040.0,0.0,14.13,9.42,9.14,0.0,397,23.0,-1.0,0.0,many,SR,2
0,2144,7605,3266,0,37.1692,15.1264,10.0935,10.0935,0.0,1846,1065.0,1065.0,0.0,2.68,9.28,9.28,0.0,108,0.0,0.0,0.0,many,SR,2
0,99,3859,2746,0,33.3689,13.6212,9.0254,9.0254,0.0,1280,925.0,925.0,0.0,-1.83,8.48,8.48,0.0,113,0.0,0.0,0.0,many,SR,2
0,2167,8548,3829,0,60.7363,23.6742,16.8762,17.1368,0.0,2247,2152.0,2039.0,0.0,-3.85,15.31,15.19,0.0,257,94.0,0.0,0.0,many,SR,2
0,123,6885,3647,0,46.218,18.4792,12.621,12.8674,0.0,3184,1396.0,1432.0,0.0,13.18,11.16,11.35,0.0,121,0.0,2.0,0.0,many,SR,2
0,4239,4848,752,0,38.8285,14.8196,10.9756,10.9672,0.0,1579,1579.0,1180.0,0.0,-2.02,10.73,9.93,0.0,258,258.0,0.0,0.0,many,SR,2
0,4240,5096,2268,0,34.4274,14.7535,8.9996,8.9796,0.0,1295,934.0,920.0,0.0,-1.65,8.49,8.46,0.0,34,8.0,0.0,0.0,many,SR,2
0,4242,9807,7967,0,35.3929,11.511,7.8313,14.0498,0.0,3508,769.0,1598.0,0.0,18.83,7.6,12.41,0.0,443,0.0,0.0,0.0,many,SR,2
0,4295,6113,4894,0,36.6859,15.0491,9.5617,10.2449,0.0,1716,994.0,1099.0,0.0,1.55,8.88,9.42,0.0,97,-1.0,9.0,0.0,many,SR,2
0,2257,3344,1181,0,29.2063,10.632,8.6581,8.2606,0.0,1773,1083.0,832.0,0.0,3.72,8.63,7.93,0.0,291,133.0,5.0,0.0,many,SR,2
0,216,6353,3863,3100,72.1374,28.8485,13.173,13.3014,13.3014,1699,1498.0,1490.0,1490.0,-13.78,11.68,11.73,11.73,189,16.0,0.0,0.0,many,SR,3
0,2264,7270,224,0,57.8993,23.2098,13.0736,18.7375,0.0,2563,1458.0,2537.0,0.0,1.01,11.53,17.26,0.0,184,0.0,169.0,0.0,many,SR,2
0,4317,3901,3899,0,44.7299,18.3061,12.1327,12.1327,0.0,1609,1332.0,1332.0,0.0,-2.53,10.79,10.79,0.0,77,0.0,0.0,0.0,many,SR,2
0,4339,9490,3665,0,30.4342,12.1046,7.7362,8.9651,0.0,1407,772.0,1057.0,0.0,0.12,7.56,8.72,0.0,174,10.0,90.0,0.0,many,SR,2
0,4341,8731,1975,552,74.3423,30.1478,13.6909,13.2757,13.6014,1984,1547.0,1619.0,1602.0,-11.81,12.09,12.02,12.16,170,0.0,83.0,43.0,many,SR,3
0,2302,6767,3574,0,29.174,10.9235,9.0112,7.6313,0.0,1563,961.0,782.0,0.0,1.94,8.55,7.53,0.0,242,24.0,26.0,0.0,many,SR,2
0,2308,4360,3365,0,27.0856,10.1313,7.7416,7.7092,0.0,1479,757.0,752.0,0.0,2.0,7.53,7.5,0.0,232,0.0,0.0,0.0,many,SR,2
0,272,8943,5783,0,39.8903,15.1482,11.3944,11.2969,0.0,1951,1235.0,1267.0,0.0,2.03,10.24,10.27,0.0,226,0.0,28.0,0.0,many,SR,2
0,288,8916,5429,0,63.1744,26.3971,16.3833,17.3896,0.0,2238,1980.0,2082.0,0.0,-3.54,14.62,15.43,0.0,44,31.0,5.0,0.0,many,SR,2
0,2387,7535,4373,2895,92.5731,38.201,16.6476,16.608,16.6717,2404,1976.0,1964.0,2064.0,-14.76,14.76,14.71,14.98,123,5.0,0.0,58.0,many,SR,3
0,4467,2025,697,0,35.7777,14.642,9.6755,9.6663,0.0,1314,1012.0,1010.0,0.0,-2.35,8.97,8.97,0.0,103,1.0,0.0,0.0,many,SR,2
0,380,7960,1269,0,29.3338,11.3543,8.7358,7.6681,0.0,1286,886.0,752.0,0.0,-0.68,8.27,7.49,0.0,193,-1.0,3.0,0.0,many,SR,2
0,384,9845,8153,0,28.4376,11.7844,7.982,7.1569,0.0,1434,789.0,845.0,0.0,1.43,7.71,7.43,0.0,126,0.0,106.0,0.0,many,SR,2
0,390,5877,3195,0,29.789,11.8819,8.31,8.0277,0.0,1371,831.0,794.0,0.0,0.27,7.95,7.74,0.0,153,0.0,0.0,0.0,many,SR,2
0,407,9927,7529,3837,52.3667,21.6869,9.487,9.286,9.286,2278,986.0,963.0,963.0,0.33,8.83,8.69,8.69,130,0.0,2.0,2.0,many,SR,3
0,2455,8072,7211,3508,87.9896,36.5501,16.5628,14.7867,15.9054,2007,1974.0,1703.0,1862.0,-16.59,14.71,13.07,14.07,76,11.0,0.0,0.0,many,SR,3
0,4505,2047,1446,0,34.1307,13.534,9.8499,8.983,0.0,1654,1039.0,956.0,0.0,1.49,9.11,8.53,0.0,160,4.0,23.0,0.0,many,SR,2
0,4526,8004,6646,0,39.3969,15.4097,9.933,12.0539,0.0,2042,1046.0,1374.0,0.0,3.44,9.17,10.84,0.0,177,1.0,34.0,0.0,many,SR,2
0,431,9197,6901,0,35.1979,13.5889,9.5385,10.2222,0.0,1478,992.0,1204.0,0.0,-1.12,8.86,9.62,0.0,208,0.0,79.0,0.0,many,SR,2
0,433,8276,6772,2556,81.6931,32.9326,10.6131,9.6415,24.3665,3540,1148.0,1006.0,3523.0,-0.08,9.7,8.94,22.75,295,9.0,0.0,283.0,many,SR,3
0,4545,5394,4384,0,37.2675,14.4124,10.2789,10.6314,0.0,1337,1265.0,1135.0,0.0,-3.46,9.77,9.68,0.0,211,113.0,0.0,0.0,many,SR,2
0,2503,7973,6732,0,32.2482,13.8361,8.4359,8.3614,0.0,1327,848.0,890.0,0.0,-0.6,8.05,8.1,0.0,48,0.0,33.0,0.0,many,SR,2
0,4562,6147,3868,0,47.0699,17.1454,15.5258,11.9331,0.0,2127,1845.0,1403.0,0.0,0.14,13.82,10.84,0.0,344,23.0,63.0,0.0,many,SR,2
0,475,6769,803,0,31.585,12.0674,10.0725,7.7511,0.0,2084,1096.0,793.0,0.0,6.63,9.33,7.61,0.0,217,22.0,22.0,0.0,many,SR,2
0,515,9661,7298,0,38.3034,15.1558,10.4685,10.6907,0.0,1934,1152.0,1404.0,0.0,2.41,9.64,10.25,0.0,187,24.0,168.0,0.0,many,SR,2
0,2600,9799,5391,2874,58.0109,23.7968,11.8024,8.1322,11.3881,1483,1375.0,826.0,1280.0,-10.45,10.72,7.86,10.33,152,55.0,12.0,29.0,many,SR,3
0,2607,4654,2890,0,46.386,17.8655,17.0866,9.055,0.0,2209,2043.0,984.0,0.0,1.79,15.17,8.62,0.0,242,7.0,35.0,0.0,many,SR,2
0,4662,509,508,0,44.7069,16.0333,13.1748,13.1748,0.0,3012,1473.0,1473.0,0.0,10.71,11.62,11.62,0.0,333,0.0,0.0,0.0,many,SR,2
0,4690,9854,9853,0,30.2356,11.5851,8.5142,8.5142,0.0,1739,859.0,859.0,0.0,3.66,8.11,8.11,0.0,206,0.0,0.0,0.0,many,SR,2
0,626,9215,9214,0,31.7641,11.9547,9.054,9.054,0.0,1726,929.0,929.0,0.0,2.81,8.51,8.51,0.0,229,0.0,0.0,0.0,many,SR,2
0,627,7265,4514,0,38.3333,15.409,10.5037,10.5037,0.0,1446,1119.0,1119.0,0.0,-2.07,9.58,9.58,0.0,126,0.0,0.0,0.0,many,SR,2
0,4725,9678,5173,0,30.3135,11.4804,9.5113,7.5926,0.0,1827,1259.0,981.0,0.0,3.62,9.39,7.91,0.0,279,175.0,158.0,0.0,many,SR,2
0,2688,2374,2373,0,28.0079,11.0472,7.7283,7.7283,0.0,1732,755.0,755.0,0.0,4.65,7.52,7.52,0.0,170,0.0,0.0,0.0,many,SR,2
0,4750,7236,4338,0,45.6394,15.636,15.0654,12.3997,0.0,3252,2198.0,1367.0,0.0,11.3,14.39,10.99,0.0,492,285.0,0.0,0.0,many,SR,2
0,4751,4755,1002,0,28.5553,11.7216,7.2777,7.9917,0.0,1647,933.0,922.0,0.0,3.22,7.66,7.98,0.0,161,153.0,86.0,0.0,many,SR,2
0,666,6269,1844,0,32.9214,13.5786,8.8365,8.8365,0.0,1451,901.0,901.0,0.0,0.21,8.35,8.35,0.0,99,0.0,0.0,0.0,many,SR,2
0,4772,4420,1745,0,45.4852,17.2061,10.3988,15.5259,0.0,2033,1106.0,1937.0,0.0,0.16,9.51,14.03,0.0,272,0.0,81.0,0.0,many,SR,2
0,2734,5055,948,0,30.0251,12.196,8.0754,8.1453,0.0,1920,800.0,1048.0,0.0,5.68,7.78,8.31,0.0,156,0.0,154.0,0.0,many,SR,2
0,4792,1551,1550,0,54.0223,20.5456,15.3779,15.3779,0.0,2882,1788.0,1788.0,0.0,5.77,13.6,13.6,0.0,269,0.0,0.0,0.0,many,SR,2
0,2777,9653,3984,0,29.9013,11.441,7.7588,9.0856,0.0,1540,760.0,971.0,0.0,1.63,7.55,8.61,0.0,212,0.0,24.0,0.0,many,SR,2
0,746,3547,3158,0,39.9437,15.9037,10.9238,11.1102,0.0,1648,1239.0,1198.0,0.0,-0.75,10.03,10.03,0.0,147,42.0,0.0,0.0,many,SR,2
0,2834,5037,4274,1070,55.5296,22.7801,10.4142,9.7502,9.772,1505,1375.0,1021.0,1027.0,-9.51,10.06,9.03,9.05,173,173.0,0.0,3.0,many,SR,3
0,2848,2390,2389,0,36.4551,15.1702,9.7407,9.7407,0.0,1944,1019.0,1019.0,0.0,4.18,9.02,9.02,0.0,73,0.0,0.0,0.0,many,SR,2
0,2849,7218,1420,0,37.4622,14.7253,9.3685,11.4316,0.0,1545,980.0,1405.0,0.0,-1.21,8.76,10.61,0.0,185,6.0,106.0,0.0,many,SR,2
0,2858,6636,3020,0,28.6163,10.6195,8.186,8.2221,0.0,1558,815.0,888.0,0.0,2.06,7.86,8.03,0.0,251,0.0,44.0,0.0,many,SR,2
0,4916,8869,7044,0,50.3166,19.0682,14.8258,13.8598,0.0,3259,1745.0,1657.0,0.0,11.15,13.19,12.44,0.0,273,23.0,54.0,0.0,many,SR,2
0,827,7951,7950,0,55.7408,19.6967,16.5564,16.5564,0.0,3193,1955.0,1955.0,0.0,7.14,14.66,14.66,0.0,456,0.0,0.0,0.0,many,SR,2
0,833,8800,2213,0,34.4077,12.6454,9.4421,10.393,0.0,2279,1463.0,1105.0,0.0,6.59,9.77,9.51,0.0,321,312.0,0.0,0.0,many,SR,2
0,2885,3915,2282,1947,58.6746,24.4557,9.3589,12.5905,9.3589,1736,1012.0,1548.0,1012.0,-7.97,8.82,11.47,8.82,119,28.0,99.0,28.0,many,SR,3
0,841,6494,2975,0,34.4393,14.1708,9.2676,9.2676,0.0,1314,957.0,957.0,0.0,-1.8,8.67,8.67,0.0,98,0.0,0.0,0.0,many,SR,2
0,4944,9940,8542,925,60.8179,23.8745,12.7322,9.8189,11.2267,1912,1912.0,1030.0,1239.0,-8.41,12.4,9.08,10.17,315,315.0,0.0,16.0,many,SR,3
0,868,6077,2125,0,40.8264,15.1392,11.7893,11.7893,0.0,1642,1288.0,1288.0,0.0,-1.74,10.54,10.54,0.0,262,0.0,0.0,0.0,many,SR,2
0,2932,2658,753,0,44.8589,16.7083,12.9531,12.9069,0.0,2346,1486.0,1435.0,0.0,4.02,11.53,11.38,0.0,267,28.0,0.0,0.0,many,SR,2
0,4991,5203,202,0,50.6688,20.8177,11.5929,15.8091,0.0,3036,1262.0,1894.0,0.0,9.84,10.4,14.1,0.0,84,0.0,28.0,0.0,many,SR,2
0,2968,3951,2946,0,36.5224,14.2988,8.4226,11.8864,0.0,1567,847.0,1545.0,0.0,-0.78,8.04,11.1,0.0,200,0.0,158.0,0.0,many,SR,2
0,2985,7643,5918,0,37.5388,15.3817,10.0314,10.2462,0.0,1260,1138.0,1086.0,0.0,-3.69,9.4,9.4,0.0,105,52.0,0.0,0.0,many,SR,2
0,975,3862,1069,0,31.3529,12.8964,7.4402,9.3703,0.0,1173,718.0,1173.0,0.0,-2.5,7.31,9.15,0.0,131,0.0,131.0,0.0,many,SR,2
0,3038,6746,4930,0,43.3488,17.9959,10.4979,12.7609,0.0,1516,1118.0,1462.0,0.0,-2.93,9.58,11.36,0.0,58,0.0,30.0,0.0,many,SR,2
0,3077,8473,4768,2555,68.7903,28.0078,11.6119,14.2189,11.6119,2409,1265.0,1628.0,1265.0,-4.76,10.41,12.57,10.41,140,0.0,4.0,0.0,many,SR,3
0,1062,6300,6299,0,39.2801,13.9245,11.6348,11.6348,0.0,2755,1268.0,1268.0,0.0,10.15,10.43,10.43,0.0,331,0.0,0.0,0.0,many,SR,2
0,3110,416,415,0,48.2412,17.7708,13.9995,13.9995,0.0,2581,1590.0,1590.0,0.0,4.86,12.36,12.36,0.0,305,0.0,0.0,0.0,many,SR,2
0,1084,7427,2429,0,33.6694,14.5224,9.0696,8.4191,0.0,1516,930.0,861.0,0.0,0.99,8.52,8.07,0.0,28,-1.0,10.0,0.0,many,SR,2
0,3178,4135,3291,514,59.5123,23.243,10.9138,11.2146,11.1249,2102,1173.0,1240.0,1228.0,-5.07,9.89,10.17,10.1,266,0.0,18.0,18.0,many,SR,3
0,3190,8609,5094,0,28.8543,10.6167,9.1022,7.4815,0.0,1781,942.0,1044.0,0.0,3.82,8.56,7.98,0.0,291,4.0,208.0,0.0,many,SR,2
0,1174,7066,1064,27,67.288,27.296,11.5713,13.5922,11.4959,1803,1270.0,1790.0,1248.0,-11.06,10.4,12.6,10.32,184,7.0,161.0,-1.0,many,SR,3
0,3240,6452,2396,1350,69.0858,28.6125,15.7225,10.7707,10.5475,2085,2085.0,1154.0,1342.0,-9.0,14.49,9.78,10.05,156,156.0,0.0,141.0,many,SR,3
0,1198,2310,362,0,34.3656,14.3933,9.8691,8.3654,0.0,1168,1168.0,839.0,0.0,-3.38,9.38,8.0,0.0,85,85.0,0.0,0.0,many,SR,2
0,3263,1760,1759,0,39.2007,13.8425,11.6367,11.6367,0.0,2760,1267.0,1267.0,0.0,10.22,10.42,10.42,0.0,336,0.0,0.0,0.0,many,SR,2
0,3288,9579,2655,0,58.1313,24.0323,16.1162,15.1838,0.0,2063,2020.0,1760.0,0.0,-3.53,14.56,13.43,0.0,79,80.0,0.0,0.0,many,SR,2
0,3299,4680,4679,0,45.2308,17.7742,12.6134,12.6134,0.0,2814,1395.0,1395.0,0.0,9.48,11.15,11.15,0.0,157,0.0,0.0,0.0,many,SR,2
0,3302,9322,9321,0,38.4258,13.8835,11.2571,11.2571,0.0,2535,1217.0,1217.0,0.0,8.36,10.14,10.14,0.0,298,0.0,0.0,0.0,many,SR,2
0,1290,9312,6853,0,35.1455,14.2783,8.7226,10.353,0.0,1287,975.0,1100.0,0.0,-2.61,8.44,9.48,0.0,126,58.0,0.0,0.0,many,SR,2
0,3342,9581,5557,0,43.7937,16.5326,13.451,11.5814,0.0,1671,1526.0,1261.0,0.0,-2.51,11.9,10.39,0.0,241,9.0,0.0,0.0,many,SR,2
0,1296,5353,2176,0,43.3395,16.7245,11.5462,12.8706,0.0,2062,1310.0,1500.0,0.0,1.87,10.47,11.51,0.0,209,35.0,44.0,0.0,many,SR,2
0,3355,4457,2581,0,45.2171,18.4055,11.0152,13.5957,0.0,3376,1185.0,1552.0,0.0,15.64,9.96,12.04,0.0,96,-1.0,12.0,0.0,many,SR,2
0,3366,7029,5696,0,27.6447,9.1602,8.2291,8.6265,0.0,2439,916.0,882.0,0.0,10.95,8.08,8.21,0.0,375,62.0,6.0,0.0,many,SR,2
0,3409,3412,2932,0,61.4555,21.9848,15.1726,20.9302,0.0,3884,2451.0,2595.0,0.0,10.47,15.05,18.63,0.0,568,434.0,9.0,0.0,many,SR,2
0,3412,5267,614,0,40.8868,16.7781,11.0546,11.055,0.0,2280,1192.0,1192.0,0.0,5.95,9.99,10.0,0.0,83,1.0,0.0,0.0,many,SR,2
0,1387,5904,5903,0,27.0065,10.5856,7.4765,7.4765,0.0,1289,723.0,723.0,0.0,0.32,7.34,7.34,0.0,179,0.0,0.0,0.0,many,SR,2
0,3440,2717,166,0,30.1656,11.29,8.7278,8.4917,0.0,1881,887.0,955.0,0.0,4.85,8.27,8.29,0.0,247,0.0,64.0,0.0,many,SR,2
0,1421,7565,1769,859,53.9209,22.8933,9.4527,9.6151,9.2981,1186,982.0,1101.0,961.0,-11.5,8.81,9.12,8.69,73,0.0,64.0,0.0,many,SR,3
0,3472,8277,6965,0,51.0119,19.6507,14.2076,14.5115,0.0,2113,1620.0,2113.0,0.0,-1.59,12.55,13.88,0.0,282,0.0,282.0,0.0,many,SR,2
0,3488,2136,1230,0,38.8969,15.3054,10.8146,10.8146,0.0,1620,1159.0,1159.0,0.0,-0.65,9.81,9.81,0.0,161,0.0,0.0,0.0,many,SR,2
0,3491,555,554,0,28.574,11.8681,7.61,7.61,0.0,1830,739.0,739.0,0.0,5.84,7.43,7.43,0.0,103,0.0,0.0,0.0,many,SR,2
0,3513,9660,6693,0,44.7148,16.0393,13.2346,13.1169,0.0,2641,1481.0,1465.0,0.0,6.81,11.67,11.57,0.0,333,0.0,0.0,0.0,many,SR,2
0,3519,7065,3710,0,57.1544,22.8425,17.176,14.2789,0.0,2357,2357.0,1631.0,0.0,-0.96,15.95,12.62,0.0,196,196.0,0.0,0.0,many,SR,2
0,3533,7471,7228,7099,85.1398,34.1518,15.728,15.7858,15.2184,2209,1934.0,1930.0,2101.0,-15.11,14.15,14.17,14.25,283,60.0,53.0,211.0,many,SR,3
0,3561,7806,6562,0,26.3895,10.3912,7.4749,7.0516,0.0,1218,721.0,849.0,0.0,-0.46,7.33,7.38,0.0,195,-1.0,118.0,0.0,many,SR,2
0,1516,6924,6923,0,31.1562,11.2724,9.0883,9.0883,0.0,1738,934.0,934.0,0.0,2.88,8.54,8.54,0.0,279,0.0,0.0,0.0,many,SR,2
0,3573,9297,9150,0,34.1456,12.2887,7.6337,12.3601,0.0,2355,807.0,1403.0,0.0,7.96,7.58,11.05,0.0,306,41.0,26.0,0.0,many,SR,2
0,3577,3900,3076,0,42.1207,15.3927,12.249,12.2983,0.0,2036,1348.0,1356.0,0.0,1.75,10.88,10.92,0.0,289,0.0,1.0,0.0,many,SR,2
0,1532,4723,3543,3542,53.012,20.0415,7.3726,11.4015,11.4015,2761,745.0,1265.0,1265.0,3.84,7.33,10.31,10.31,349,24.0,18.0,18.0,many,SR,3
0,1553,5934,2408,0,41.2361,17.1985,11.0149,11.0286,0.0,1480,1186.0,1187.0,0.0,-2.41,9.96,9.98,0.0,51,0.0,-1.0,0.0,many,SR,2
0,3613,967,388,0,39.8229,15.4628,9.9046,12.4043,0.0,2558,1074.0,1524.0,0.0,8.4,9.2,11.31,0.0,205,22.0,101.0,0.0,many,SR,2
0,1609,7463,7140,0,27.2814,10.3099,7.4822,7.9659,0.0,1501,723.0,883.0,0.0,2.05,7.34,7.9,0.0,232,0.0,62.0,0.0,many,SR,2
0,3656,9945,9555,6063,67.5999,26.6504,10.4102,10.3032,16.757,4146,1107.0,1143.0,2366.0,12.22,9.52,9.53,15.74,318,0.0,33.0,239.0,many,SR,3
0,1629,4390,1165,0,31.612,10.3523,9.7521,9.7063,0.0,2443,1020.0,1014.0,0.0,9.44,9.02,8.99,0.0,400,0.0,0.0,0.0,many,SR,2
0,1672,2267,1861,0,39.4215,13.0238,11.6977,12.4626,0.0,3335,1293.0,1748.0,0.0,14.88,10.51,11.87,0.0,485,11.0,236.0,0.0,many,SR,2
0,1674,3322,2284,1502,46.4462,19.6924,8.348,8.362,7.6725,1193,888.0,879.0,783.0,-8.82,8.09,8.08,7.55,113,33.0,26.0,23.0,many,SR,3
0,1706,7249,7248,0,42.3211,14.9628,12.5676,12.5676,0.0,2631,1389.0,1389.0,0.0,7.62,11.12,11.12,0.0,344,0.0,0.0,0.0,many,SR,2
0,3760,9912,9289,0,33.2172,11.8662,9.4717,10.0707,0.0,2521,984.0,1063.0,0.0,10.19,8.82,9.27,0.0,301,0.0,0.0,0.0,many,SR,2
0,1714,7314,3011,0,74.9575,29.4044,20.2499,21.5724,0.0,3845,2484.0,2733.0,0.0,6.8,17.99,19.32,0.0,285,0.0,38.0,0.0,many,SR,2
0,3784,7851,6546,0,35.9106,14.3484,8.9803,10.7171,0.0,1367,1135.0,1156.0,0.0,-2.43,8.89,9.76,0.0,166,139.0,6.0,0.0,many,SR,2
0,1787,8103,2086,0,48.5975,18.3528,14.0107,13.7802,0.0,3008,1590.0,1564.0,0.0,9.5,12.36,12.17,0.0,255,-1.0,3.0,0.0,many,SR,2
0,3850,5932,5931,3259,68.6519,27.5204,11.4702,11.4702,14.8124,2267,1257.0,1257.0,1725.0,-6.6,10.33,10.33,13.13,197,7.0,7.0,12.0,many,SR,3
0,1902,1027,211,0,48.441,19.3333,16.1956,10.5099,0.0,2335,1904.0,1168.0,0.0,2.9,14.34,9.69,0.0,156,0.0,31.0,0.0,many,SR,2
0,3973,6720,3848,0,32.6844,13.8919,9.5509,7.6009,0.0,2701,1023.0,762.0,0.0,13.59,8.93,7.48,0.0,60,19.0,15.0,0.0,many,SR,2
0,3974,7393,333,0,38.1552,16.4341,8.7271,11.1598,0.0,1311,889.0,1205.0,0.0,-2.74,8.27,10.07,0.0,5,2.0,0.0,0.0,many,SR,2
0,3981,6655,1206,0,47.4612,19.7161,11.2259,14.2326,0.0,2084,1234.0,1681.0,0.0,1.3,10.16,12.7,0.0,59,13.0,36.0,0.0,many,SR,2
0,1937,8101,1572,0,47.5739,18.4039,9.4088,17.3161,0.0,2384,976.0,2205.0,0.0,3.03,8.77,15.68,0.0,246,0.0,88.0,0.0,many,SR,2
0,3985,5893,3335,0,50.6084,20.5323,13.1818,14.4217,0.0,2006,1474.0,1804.0,0.0,-1.19,11.63,13.1,0.0,118,0.0,96.0,0.0,many,SR,2
0,4000,7361,1921,0,42.8678,17.824,13.438,9.508,0.0,1626,1626.0,989.0,0.0,-1.81,12.13,8.85,0.0,72,72.0,0.0,0.0,many,SR,2
0,4005,8180,7335,0,49.7323,17.7359,14.6995,14.6995,0.0,2790,1690.0,1690.0,0.0,5.92,12.99,12.99,0.0,385,0.0,0.0,0.0,many,SR,2
0,4024,3467,3296,0,34.1065,12.2883,9.9323,10.0291,0.0,1813,1049.0,1139.0,0.0,2.32,9.17,9.4,0.0,302,3.0,53.0,0.0,many,SR,2
0,4025,2424,252,0,37.5086,15.4784,10.0878,10.0878,0.0,1234,1064.0,1064.0,0.0,-3.73,9.27,9.27,0.0,83,0.0,0.0,0.0,many,SR,2
0,2013,8552,2530,0,33.6614,13.3441,7.6634,10.8622,0.0,1460,747.0,1460.0,0.0,-0.79,7.48,10.44,0.0,190,0.0,190.0,0.0,many,SR,2
0,4076,4793,4792,0,60.8297,23.5647,17.1158,17.1158,0.0,2484,2036.0,2036.0,0.0,-1.22,15.17,15.17,0.0,255,0.0,0.0,0.0,many,SR,2
0,2043,6333,2757,0,27.8317,11.3762,7.568,7.4173,0.0,1814,735.0,715.0,0.0,5.82,7.41,7.29,0.0,127,0.0,0.0,0.0,many,SR,2
0,2046,5703,1375,0,35.4686,12.4459,10.5494,10.5494,0.0,2572,1125.0,1125.0,0.0,9.69,9.62,9.62,0.0,332,0.0,0.0,0.0,many,SR,2
1,2272,9438,0,0,34.4461,5.4369,27.9414,0.0,0.0,1823,4072.0,0.0,0.0,9.53,15.68,0.0,0.0,285,901.0,0.0,0.0,one,RT,1
1,3506,1912,0,0,25.4811,6.5767,17.7566,0.0,0.0,1680,2870.0,0.0,0.0,7.31,15.48,0.0,0.0,256,581.0,0.0,0.0,one,RT,1
1,2002,5494,0,0,17.4447,3.859,13.0502,0.0,0.0,1403,1605.0,0.0,0.0,9.91,8.36,0.0,0.0,66,295.0,0.0,0.0,one,TR,1
1,4088,6001,0,0,23.7966,7.3527,15.6093,0.0,0.0,1659,2546.0,0.0,0.0,9.91,12.35,0.0,0.0,11,636.0,0.0,0.0,one,RT,1
1,1570,2902,673,0,48.6975,13.2501,16.5098,17.3223,0.0,1764,2599.0,2249.0,0.0,3.98,11.07,11.08,0.0,88,698.0,384.0,0.0,many,RT,2
3,847,9445,3262,0,71.1782,8.6086,45.7777,15.582,0.0,1611,3455.0,2364.0,0.0,6.03,11.93,10.17,0.0,156,-375.0,624.0,0.0,many,TR,2
7,681,3672,0,0,13.5382,4.1779,8.6735,0.0,0.0,1177,1426.0,0.0,0.0,6.18,9.87,0.0,0.0,137,322.0,0.0,0.0,one,TR,1
7,912,9292,8786,0,54.8398,12.6342,15.1154,25.4794,0.0,1479,2142.0,3573.0,0.0,1.03,9.29,13.82,0.0,127,532.0,769.0,0.0,many,RT,2
9,3812,3196,0,0,17.0198,4.7391,11.7283,0.0,0.0,1258,1324.0,0.0,0.0,8.24,8.52,0.0,0.0,16,147.0,0.0,0.0,one,RT,1
9,1333,4359,0,0,18.9914,6.2347,11.8351,0.0,0.0,1590,2137.0,0.0,0.0,8.4,12.22,0.0,0.0,141,548.0,0.0,0.0,one,TR,1
9,323,2226,0,0,12.1271,4.7369,6.6822,0.0,0.0,1143,1263.0,0.0,0.0,5.63,9.08,0.0,0.0,112,357.0,0.0,0.0,one,RT,1
10,2104,5217,0,0,41.7287,7.7452,32.3238,0.0,0.0,3093,3788.0,0.0,0.0,17.54,21.6,0.0,0.0,491,95.0,0.0,0.0,one,TR,1
10,622,9416,0,0,21.5912,5.9495,14.769,0.0,0.0,2044,2542.0,0.0,0.0,13.61,11.73,0.0,0.0,130,717.0,0.0,0.0,one,TR,1
10,1728,7525,0,0,19.9571,5.3346,13.9258,0.0,0.0,1133,2266.0,0.0,0.0,5.63,10.97,0.0,0.0,64,598.0,0.0,0.0,one,RT,1
10,4435,246,0,0,19.758,5.7346,13.2793,0.0,0.0,1107,2266.0,0.0,0.0,4.93,11.44,0.0,0.0,66,608.0,0.0,0.0,one,TR,1
10,122,8980,8018,0,64.1179,12.6564,34.1519,15.8514,0.0,1534,3248.0,2350.0,0.0,2.98,12.3,10.28,0.0,32,112.0,591.0,0.0,many,RT,2
10,4089,6991,6538,0,34.7966,9.9182,8.8419,14.8929,0.0,1206,1028.0,2376.0,0.0,2.37,6.23,10.21,0.0,26,218.0,670.0,0.0,many,RT,2
11,2310,8804,0,0,24.8482,6.6659,17.434,0.0,0.0,1928,2581.0,0.0,0.0,13.51,11.48,0.0,0.0,5,608.0,0.0,0.0,one,TR,1
11,1811,9067,3588,773,88.0247,19.3242,15.2004,21.3741,29.8232,1250,2062.0,3260.0,4254.0,-7.6,10.68,11.48,15.87,96,387.0,899.0,921.0,many,RT,3
11,4079,2650,245,0,61.1879,13.332,32.1828,14.1893,0.0,1291,2904.0,1942.0,0.0,0.2,12.0,10.84,0.0,2,-20.0,344.0,0.0,many,RT,2
15,3736,6874,0,0,22.6198,4.5742,17.2351,0.0,0.0,2118,1934.0,0.0,0.0,14.94,12.11,0.0,0.0,186,91.0,0.0,0.0,one,RT,1
15,1115,5273,0,0,30.8704,4.7538,25.2841,0.0,0.0,2522,3704.0,0.0,0.0,18.99,14.32,0.0,0.0,187,851.0,0.0,0.0,one,RT,1
15,1683,9378,6613,0,49.0345,6.7074,18.5814,22.4865,0.0,5058,2802.0,2596.0,0.0,41.78,10.3,10.3,0.0,316,778.0,398.0,0.0,many,TR,2
15,1943,9031,7018,6897,72.182,10.5733,21.903,17.3562,20.6898,2218,1967.0,2355.0,2977.0,8.35,9.13,9.72,10.75,298,19.0,541.0,765.0,many,RT,3
22,890,5689,0,0,12.9514,4.3777,7.8465,0.0,0.0,1210,1342.0,0.0,0.0,6.16,9.27,0.0,0.0,148,340.0,0.0,0.0,one,TR,1
22,2487,2443,0,0,24.9827,6.2155,18.0465,0.0,0.0,1196,1845.0,0.0,0.0,6.07,10.21,0.0,0.0,19,85.0,0.0,0.0,one,RT,1
25,1555,6728,4806,0,38.6505,12.9304,14.3897,9.8666,0.0,1916,2438.0,1453.0,0.0,6.94,11.21,8.43,0.0,17,689.0,357.0,0.0,many,RT,2
26,652,6294,3875,360,120.6734,18.9943,41.6634,33.7049,23.9417,2897,4037.0,2608.0,2689.0,9.1,13.78,12.71,12.21,159,198.0,-373.0,276.0,many,RT,3
26,3136,5716,1178,0,56.0162,11.2101,20.1109,23.4099,0.0,1832,2221.0,2554.0,0.0,7.67,10.43,11.43,0.0,25,241.0,248.0,0.0,many,TR,2
27,4646,8258,212,0,61.2984,13.0612,26.7284,19.9263,0.0,2442,3693.0,2132.0,0.0,11.4,15.72,9.11,0.0,81,680.0,259.0,0.0,many,RT,2
32,3103,4777,0,0,24.5978,5.7741,18.0528,0.0,0.0,1528,2749.0,0.0,0.0,9.11,11.71,0.0,0.0,80,687.0,0.0,0.0,one,TR,1
32,2723,1354,0,0,22.5873,4.3929,17.2679,0.0,0.0,1656,2362.0,0.0,0.0,9.05,12.26,0.0,0.0,269,406.0,0.0,0.0,one,TR,1
34,4289,1094,0,0,25.6856,5.8161,19.1933,0.0,0.0,1245,2648.0,0.0,0.0,6.99,11.76,0.0,0.0,19,542.0,0.0,0.0,one,RT,1
35,3480,2240,0,0,23.3052,8.6357,13.6893,0.0,0.0,1121,1968.0,0.0,0.0,2.95,12.8,0.0,0.0,13,280.0,0.0,0.0,one,RT,1
36,2815,9095,0,0,21.7863,4.5249,16.7237,0.0,0.0,1600,1564.0,0.0,0.0,11.96,9.38,0.0,0.0,22,-5.0,0.0,0.0,one,RT,1
36,3424,4089,0,0,18.5919,2.2748,15.7504,0.0,0.0,1853,1946.0,0.0,0.0,14.36,9.67,0.0,0.0,193,325.0,0.0,0.0,one,TR,1
36,4353,3819,2970,0,40.0778,7.4312,13.7959,18.0071,0.0,1716,1870.0,1573.0,0.0,10.43,7.13,8.31,0.0,11,524.0,-11.0,0.0,many,RT,2
38,2063,7528,0,0,28.3238,3.2586,24.5346,0.0,0.0,1250,3140.0,0.0,0.0,8.35,10.31,0.0,0.0,104,694.0,0.0,0.0,one,RT,1
38,4755,6709,0,0,11.6133,3.5101,7.5946,0.0,0.0,1224,821.0,0.0,0.0,8.27,7.09,0.0,0.0,73,83.0,0.0,0.0,one,RT,1
38,3300,5995,0,0,23.9264,5.3519,17.5859,0.0,0.0,1663,3002.0,0.0,0.0,8.56,14.89,0.0,0.0,242,725.0,0.0,0.0,one,TR,1
38,2354,5992,0,0,21.9978,4.4514,16.6956,0.0,0.0,1928,2814.0,0.0,0.0,12.59,12.51,0.0,0.0,219,769.0,0.0,0.0,one,RT,1
38,2924,5227,0,0,11.3538,5.4203,5.2799,0.0,0.0,1258,1011.0,0.0,0.0,7.33,8.54,0.0,0.0,32,277.0,0.0,0.0,one,RT,1
38,3975,1714,0,0,25.1333,7.6155,16.4258,0.0,0.0,1770,2372.0,0.0,0.0,8.76,13.92,0.0,0.0,151,367.0,0.0,0.0,one,TR,1
38,3167,9743,4720,2395,82.3991,20.906,19.9143,15.5214,23.6191,2012,2201.0,2532.0,2030.0,-0.82,11.13,11.13,12.13,71,197.0,700.0,-203.0,many,TR,3
38,1370,7469,7192,4108,79.1828,18.5478,18.344,18.0946,22.1153,2061,2066.0,2662.0,2580.0,2.91,11.13,9.56,12.13,13,184.0,742.0,302.0,many,TR,3
38,4970,9310,2548,0,44.6154,6.1333,20.4507,17.0636,0.0,1326,2735.0,1897.0,0.0,5.21,9.39,9.29,0.0,176,672.0,234.0,0.0,many,TR,2
39,1558,3056,0,0,23.2394,8.0464,14.1768,0.0,0.0,2027,2322.0,0.0,0.0,12.14,13.16,0.0,0.0,75,501.0,0.0,0.0,one,RT,1
39,3483,3995,3189,0,42.463,7.4392,12.1797,21.8876,0.0,1198,1690.0,2126.0,0.0,3.97,7.76,8.8,0.0,80,443.0,160.0,0.0,many,TR,2
40,1075,4811,4232,0,55.9518,6.9952,31.8823,16.1235,0.0,1345,3356.0,2046.0,0.0,5.57,10.74,9.77,0.0,107,413.0,374.0,0.0,many,TR,2
42,3066,3942,318,0,53.6424,14.6095,17.3138,20.0851,0.0,1565,2815.0,3170.0,0.0,1.73,11.8,12.54,0.0,7,775.0,844.0,0.0,many,TR,2
42,1291,4348,1155,0,46.9994,11.1518,16.8344,17.3776,0.0,1611,2387.0,2724.0,0.0,2.19,12.24,12.12,0.0,244,451.0,683.0,0.0,many,RT,2
42,4399,6503,2261,0,34.3621,5.9466,15.053,12.3193,0.0,2375,2233.0,1200.0,0.0,15.55,9.6,7.83,0.0,235,587.0,58.0,0.0,many,RT,2
43,1221,3250,0,0,24.4943,6.7842,16.9123,0.0,0.0,1627,2192.0,0.0,0.0,9.9,11.98,0.0,0.0,27,313.0,0.0,0.0,one,RT,1
48,2216,7957,0,0,12.2642,5.2942,6.3581,0.0,0.0,1289,1182.0,0.0,0.0,8.03,9.12,0.0,0.0,15,312.0,0.0,0.0,one,TR,1
48,3246,744,0,0,17.8293,4.4799,12.8132,0.0,0.0,1051,1663.0,0.0,0.0,6.21,8.36,0.0,0.0,24,352.0,0.0,0.0,one,TR,1
48,705,7126,0,0,27.4982,7.3899,19.1832,0.0,0.0,1121,2833.0,0.0,0.0,3.44,13.25,0.0,0.0,64,598.0,0.0,0.0,one,TR,1
48,3044,5825,0,0,22.2262,9.4006,11.6772,0.0,0.0,1954,2130.0,0.0,0.0,10.18,14.48,0.0,0.0,64,422.0,0.0,0.0,one,TR,1
49,2814,2777,0,0,11.0307,3.6953,6.7885,0.0,0.0,1084,1164.0,0.0,0.0,6.46,8.47,0.0,0.0,84,311.0,0.0,0.0,one,RT,1
50,2563,574,0,0,35.2912,9.4426,24.611,0.0,0.0,1533,2915.0,0.0,0.0,4.96,16.38,0.0,0.0,116,171.0,0.0,0.0,one,RT,1
50,3647,9770,0,0,22.1204,3.1107,18.5017,0.0,0.0,1214,2448.0,0.0,0.0,8.18,9.08,0.0,0.0,100,583.0,0.0,0.0,one,RT,1
50,1716,2337,0,0,37.2208,10.3853,25.4897,0.0,0.0,2159,3363.0,0.0,0.0,10.56,17.46,0.0,0.0,118,400.0,0.0,0.0,one,TR,1
50,4161,9238,6959,0,35.8294,6.3916,7.9992,20.2837,0.0,1868,962.0,3024.0,0.0,9.22,7.68,10.87,0.0,273,133.0,817.0,0.0,many,RT,2
50,1821,9944,6232,7,38.3027,15.0299,7.429,7.0659,7.0807,1098,994.0,1144.0,1075.0,-3.75,7.32,7.88,7.77,17,211.0,313.0,266.0,many,RT,3
50,4414,7988,4238,0,58.0902,9.017,11.4048,36.2544,0.0,1584,1483.0,3589.0,0.0,3.91,7.57,14.57,0.0,253,341.0,121.0,0.0,many,RT,2
50,4592,5349,4110,1511,82.2752,21.5605,17.8822,18.0959,22.3052,2078,2393.0,2794.0,2640.0,-0.06,9.41,13.45,12.45,22,558.0,619.0,318.0,many,TR,3
64,2929,1010,0,0,33.2197,7.8286,24.4095,0.0,0.0,2261,2211.0,0.0,0.0,14.91,13.82,0.0,0.0,69,-207.0,0.0,0.0,one,RT,1
66,615,203,0,0,16.8285,4.4541,11.7704,0.0,0.0,1108,1810.0,0.0,0.0,6.2,9.04,0.0,0.0,67,485.0,0.0,0.0,one,RT,1
66,823,7600,5613,0,46.3239,11.7024,14.5253,18.7649,0.0,1696,2252.0,1852.0,0.0,5.83,9.59,10.72,0.0,19,632.0,20.0,0.0,many,RT,2
68,4456,8425,6504,0,39.0656,7.7586,16.0623,14.0887,0.0,1895,2351.0,1544.0,0.0,9.49,9.77,8.79,0.0,181,609.0,164.0,0.0,many,RT,2
69,1106,6499,0,0,20.4859,5.191,14.3974,0.0,0.0,1223,2542.0,0.0,0.0,4.76,11.97,0.0,0.0,197,724.0,0.0,0.0,one,TR,1
69,1262,818,0,0,8.9788,1.9293,6.5197,0.0,0.0,1531,1096.0,0.0,0.0,11.31,8.3,0.0,0.0,194,284.0,0.0,0.0,one,TR,1
69,120,8919,8704,0,25.9424,6.2783,9.4932,9.3357,0.0,1315,1350.0,850.0,0.0,6.29,7.18,6.18,0.0,85,372.0,57.0,0.0,many,RT,2
69,1179,7961,7348,0,40.8246,8.2115,12.347,19.2156,0.0,1386,1842.0,2543.0,0.0,5.1,9.39,8.11,0.0,85,456.0,670.0,0.0,many,TR,2
76,1668,7759,0,0,37.1624,5.9714,30.3833,0.0,0.0,2529,3809.0,0.0,0.0,19.29,13.08,0.0,0.0,89,710.0,0.0,0.0,one,RT,1
76,2448,5341,0,0,36.0867,1.6526,33.801,0.0,0.0,2066,3052.0,0.0,0.0,16.0,11.33,0.0,0.0,276,38.0,0.0,0.0,one,RT,1
78,3746,8936,0,0,27.6881,5.5001,21.4645,0.0,0.0,1405,2620.0,0.0,0.0,8.24,11.24,0.0,0.0,69,421.0,0.0,0.0,one,RT,1
78,343,4449,0,0,17.9671,2.7235,14.6416,0.0,0.0,1363,1357.0,0.0,0.0,8.89,9.02,0.0,0.0,184,-23.0,0.0,0.0,one,RT,1
79,4639,8020,730,385,77.0209,10.339,15.913,23.0855,26.1013,1795,1766.0,2043.0,3187.0,4.61,8.25,9.31,10.26,266,259.0,-1.0,643.0,many,RT,3
79,263,8008,2096,621,62.0419,11.0465,14.8695,12.606,22.0001,1427,1584.0,1956.0,2416.0,1.31,7.65,9.28,9.28,180,215.0,535.0,347.0,many,RT,3
79,3054,8420,4295,0,67.3785,10.9657,21.2703,33.2806,0.0,2645,2538.0,3710.0,0.0,11.01,12.23,14.39,0.0,395,313.0,394.0,0.0,many,RT,2
85,8,8026,0,0,40.3806,10.9153,28.0857,0.0,0.0,1773,4154.0,0.0,0.0,6.2,18.8,0.0,0.0,103,777.0,0.0,0.0,one,TR,1
85,3444,6361,0,0,23.2725,5.7955,16.5208,0.0,0.0,1786,2775.0,0.0,0.0,10.15,13.56,0.0,0.0,192,689.0,0.0,0.0,one,TR,1
85,3050,1644,0,0,25.2042,5.4152,19.0068,0.0,0.0,1123,1805.0,0.0,0.0,4.75,10.82,0.0,0.0,111,-35.0,0.0,0.0,one,TR,1
85,1228,6040,276,0,53.0903,8.5933,18.8405,24.272,0.0,1613,2614.0,2104.0,0.0,4.48,11.87,8.98,0.0,264,530.0,-3.0,0.0,many,RT,2
85,4838,8909,2020,0,60.5681,8.917,24.9669,25.4823,0.0,1184,2427.0,2230.0,0.0,1.61,10.02,10.0,0.0,130,143.0,-35.0,0.0,many,RT,2
85,1446,5839,3435,0,37.2221,9.7373,17.899,8.4213,0.0,1585,2487.0,1238.0,0.0,6.16,11.32,7.33,0.0,51,519.0,339.0,0.0,many,RT,2
86,329,7282,0,0,17.7567,3.0247,14.1208,0.0,0.0,1976,2354.0,0.0,0.0,15.25,11.11,0.0,0.0,169,646.0,0.0,0.0,one,TR,1
86,756,1780,0,0,38.7045,8.3717,29.2479,0.0,0.0,2410,2504.0,0.0,0.0,15.54,14.85,0.0,0.0,95,-320.0,0.0,0.0,one,TR,1
86,2215,5448,2153,0,38.7957,5.0881,15.917,16.7371,0.0,2022,2155.0,2026.0,0.0,11.75,8.27,9.26,0.0,300,554.0,352.0,0.0,many,TR,2
86,850,5653,3986,0,41.8251,8.3774,14.2518,18.2009,0.0,2134,1850.0,2390.0,0.0,13.45,8.0,8.95,0.0,40,433.0,563.0,0.0,many,RT,2
88,1704,8653,0,0,13.69,1.4017,11.7684,0.0,0.0,1480,1623.0,0.0,0.0,10.86,8.2,0.0,0.0,224,391.0,0.0,0.0,one,TR,1
88,3349,9053,0,0,17.5434,3.1186,13.8724,0.0,0.0,1194,1836.0,0.0,0.0,7.56,8.52,0.0,0.0,127,414.0,0.0,0.0,one,TR,1
88,799,7488,0,0,23.1334,3.6176,18.9711,0.0,0.0,1342,2784.0,0.0,0.0,9.19,10.45,0.0,0.0,88,734.0,0.0,0.0,one,TR,1
88,2287,9962,8407,3383,56.9065,8.8299,11.8379,23.1828,11.7493,1760,1621.0,3272.0,1584.0,6.72,7.31,9.3,7.45,200,436.0,930.0,405.0,many,RT,3
88,2320,9689,7380,0,38.025,5.5044,12.4852,19.1833,0.0,1661,1489.0,1950.0,0.0,9.77,7.25,8.27,0.0,148,302.0,211.0,0.0,many,RT,2
88,4499,8478,8064,2738,49.3616,11.6091,10.7081,14.2464,11.352,1193,1300.0,1870.0,1437.0,-0.49,7.65,9.31,7.5,96,237.0,373.0,313.0,many,RT,3
92,1645,1664,0,0,27.5198,8.4139,17.978,0.0,0.0,1278,2198.0,0.0,0.0,3.27,14.28,0.0,0.0,119,125.0,0.0,0.0,one,RT,1
95,4084,4650,4649,0,83.4181,12.6348,34.4405,34.4405,0.0,2164,2900.0,2900.0,0.0,5.6,14.51,14.51,0.0,306,-296.0,-296.0,0.0,many,TR,2
96,2709,9982,0,0,24.8349,2.9322,21.3439,0.0,0.0,1864,2679.0,0.0,0.0,14.54,10.59,0.0,0.0,143,510.0,0.0,0.0,one,RT,1
98,1415,3080,0,0,20.1438,3.6677,15.8536,0.0,0.0,1167,1465.0,0.0,0.0,6.65,9.22,0.0,0.0,132,-22.0,0.0,0.0,one,RT,1
98,4421,9253,1234,0,46.2244,10.0747,13.9186,21.1102,0.0,1579,2046.0,2875.0,0.0,6.49,8.43,9.77,0.0,1,576.0,719.0,0.0,many,RT,2
101,861,3395,0,0,45.6328,2.9957,41.9375,0.0,0.0,1494,3017.0,0.0,0.0,9.39,13.0,0.0,0.0,225,-550.0,0.0,0.0,one,RT,1
101,3451,1521,0,0,29.4382,3.6498,25.25,0.0,0.0,1360,3325.0,0.0,0.0,9.44,10.38,0.0,0.0,82,790.0,0.0,0.0,one,RT,1
101,1760,9831,7428,0,43.0902,8.1058,19.5099,14.4608,0.0,2800,2782.0,1933.0,0.0,20.28,9.99,9.15,0.0,70,728.0,418.0,0.0,many,RT,2
106,3008,1863,0,0,14.1474,5.8272,7.5966,0.0,0.0,1097,1363.0,0.0,0.0,5.01,9.24,0.0,0.0,47,372.0,0.0,0.0,one,RT,1
106,2842,6507,4905,0,58.7857,8.6257,17.5065,31.4889,0.0,1297,1914.0,2493.0,0.0,3.14,8.83,9.82,0.0,127,248.0,-169.0,0.0,many,RT,2
106,2044,6713,5496,0,52.1485,8.9389,20.9837,20.9837,0.0,1326,2014.0,2014.0,0.0,2.74,9.21,9.21,0.0,153,103.0,103.0,0.0,many,RT,2
109,1582,9482,8384,0,36.5762,8.1327,14.0974,13.3306,0.0,1429,2046.0,1739.0,0.0,5.87,9.1,7.06,0.0,69,528.0,455.0,0.0,many,RT,2
111,3632,7168,1235,0,74.8349,3.4375,35.5146,34.9292,0.0,3211,3923.0,4132.0,0.0,25.13,10.81,9.73,0.0,351,633.0,888.0,0.0,many,RT,2
112,2594,9181,5387,3735,58.7144,13.5325,18.3104,15.7637,9.2887,1247,2355.0,2282.0,1415.0,-3.28,10.06,10.06,9.06,194,467.0,557.0,325.0,many,RT,3
114,4752,6694,0,0,20.599,1.4752,18.5805,0.0,0.0,1876,2354.0,0.0,0.0,14.81,9.43,0.0,0.0,233,487.0,0.0,0.0,one,TR,1
114,696,1112,0,0,44.9252,6.6296,36.6209,0.0,0.0,4066,3795.0,0.0,0.0,27.62,21.75,0.0,0.0,576,-154.0,0.0,0.0,one,RT,1
114,1770,1454,0,0,21.2839,5.6253,15.0326,0.0,0.0,1700,1716.0,0.0,0.0,12.22,9.26,0.0,0.0,1,214.0,0.0,0.0,one,RT,1
116,2775,2264,0,0,17.3199,3.5205,13.0589,0.0,0.0,2083,2169.0,0.0,0.0,15.21,11.41,0.0,0.0,215,549.0,0.0,0.0,one,TR,1
117,1749,2688,0,0,14.2878,3.094,10.6385,0.0,0.0,1145,1656.0,0.0,0.0,7.02,9.55,0.0,0.0,130,403.0,0.0,0.0,one,RT,1
117,2611,2525,2084,0,34.9843,5.0324,20.0078,9.1261,0.0,1304,2327.0,1051.0,0.0,6.33,9.09,7.09,0.0,159,404.0,170.0,0.0,many,TR,2
120,2495,3510,0,0,25.456,10.891,13.3119,0.0,0.0,1676,2841.0,0.0,0.0,6.32,15.53,0.0,0.0,27,810.0,0.0,0.0,one,RT,1
120,4830,5257,5256,0,40.2579,5.021,17.1986,17.1986,0.0,1206,1655.0,1655.0,0.0,5.11,8.2,8.2,0.0,173,104.0,104.0,0.0,many,RT,2
121,4003,2631,0,0,20.9576,4.5102,15.8991,0.0,0.0,1873,1777.0,0.0,0.0,14.73,9.48,0.0,0.0,29,198.0,0.0,0.0,one,TR,1
124,1256,8357,0,0,17.6396,2.5864,14.4647,0.0,0.0,1217,1775.0,0.0,0.0,7.48,8.89,0.0,0.0,185,313.0,0.0,0.0,one,TR,1
124,2178,4141,659,0,61.4002,13.6387,23.9183,21.9676,0.0,2033,2738.0,3454.0,0.0,4.47,13.23,13.53,0.0,221,256.0,896.0,0.0,many,RT,2
124,2197,3325,866,865,58.5526,10.4091,15.5549,15.5549,15.5549,1259,2018.0,2018.0,2018.0,-0.09,7.93,7.93,7.93,198,490.0,490.0,490.0,many,TR,3
124,1837,9247,2875,0,36.4765,6.3438,11.4682,17.6439,0.0,1457,1601.0,1652.0,0.0,6.11,7.14,9.06,0.0,194,452.0,27.0,0.0,many,RT,2
127,1394,5909,2817,0,34.7909,6.3321,12.8441,14.5517,0.0,2731,1732.0,1925.0,0.0,19.11,8.31,8.32,0.0,221,406.0,454.0,0.0,many,RT,2
128,3207,579,0,0,14.9373,0.6916,13.7053,0.0,0.0,1738,1816.0,0.0,0.0,13.38,8.4,0.0,0.0,285,415.0,0.0,0.0,one,RT,1
132,1480,4470,2881,0,78.0826,2.8416,31.4254,42.4544,0.0,4097,3457.0,3454.0,0.0,30.77,11.78,12.83,0.0,642,457.0,-237.0,0.0,many,RT,2
134,1954,6464,0,0,33.4346,6.7034,25.7666,0.0,0.0,1624,3211.0,0.0,0.0,8.37,14.65,0.0,0.0,135,429.0,0.0,0.0,one,TR,1
136,3138,5504,0,0,25.7905,5.8849,19.1941,0.0,0.0,1161,2850.0,0.0,0.0,5.79,11.12,0.0,0.0,36,733.0,0.0,0.0,one,TR,1
136,1058,6018,4078,1035,58.2767,14.2642,14.5433,20.43,7.4366,1372,1383.0,3180.0,986.0,-0.02,8.26,11.26,7.51,11,46.0,905.0,193.0,many,RT,3
136,4469,6560,2403,0,38.0741,7.1243,13.3213,16.4873,0.0,1422,1795.0,2268.0,0.0,4.66,8.82,8.59,0.0,215,397.0,589.0,0.0,many,RT,2
136,2521,7811,3827,0,47.707,9.2732,14.9441,22.3553,0.0,1563,2114.0,2697.0,0.0,6.2,8.76,9.59,0.0,64,551.0,523.0,0.0,many,RT,2
140,399,1088,0,0,19.0308,7.8891,10.2555,0.0,0.0,1136,1912.0,0.0,0.0,3.95,11.86,0.0,0.0,6,488.0,0.0,0.0,one,RT,1
140,2772,9075,0,0,12.1424,4.4088,7.215,0.0,0.0,1088,1009.0,0.0,0.0,6.76,7.19,0.0,0.0,18,242.0,0.0,0.0,one,TR,1
140,1659,6193,5907,2813,72.4923,10.9445,12.736,29.9253,17.4218,1619,1684.0,2569.0,1824.0,3.82,8.04,9.87,7.74,153,391.0,-24.0,246.0,many,RT,3
146,1164,6601,0,0,40.1487,4.0533,35.4856,0.0,0.0,3365,3194.0,0.0,0.0,29.84,12.1,0.0,0.0,98,6.0,0.0,0.0,one,RT,1
150,4610,9813,0,0,24.3787,8.2049,15.241,0.0,0.0,1341,2006.0,0.0,0.0,5.68,12.33,0.0,0.0,13,247.0,0.0,0.0,one,RT,1
150,48,8194,0,0,19.4084,5.0583,13.4703,0.0,0.0,1900,2350.0,0.0,0.0,12.03,11.8,0.0,0.0,195,641.0,0.0,0.0,one,RT,1
150,1785,5051,0,0,22.8355,5.4606,16.6973,0.0,0.0,1806,2106.0,0.0,0.0,12.86,9.78,0.0,0.0,44,386.0,0.0,0.0,one,TR,1
151,2737,3032,0,0,20.7796,3.9823,16.1111,0.0,0.0,1311,1686.0,0.0,0.0,7.59,9.86,0.0,0.0,150,95.0,0.0,0.0,one,TR,1
151,354,4749,1681,0,43.3729,8.9518,24.6778,8.6871,0.0,1309,2676.0,1120.0,0.0,4.24,9.34,7.22,0.0,38,388.0,240.0,0.0,many,TR,2
152,207,2659,0,0,23.0043,5.5734,16.5758,0.0,0.0,1151,2446.0,0.0,0.0,4.39,12.55,0.0,0.0,145,493.0,0.0,0.0,one,TR,1
157,2730,4077,0,0,32.0101,3.3513,28.1403,0.0,0.0,1095,2963.0,0.0,0.0,6.83,10.19,0.0,0.0,90,360.0,0.0,0.0,one,TR,1
157,718,9460,0,0,25.2866,3.7096,20.9241,0.0,0.0,1225,2562.0,0.0,0.0,6.99,11.53,0.0,0.0,148,391.0,0.0,0.0,one,TR,1
157,1858,7462,0,0,16.4365,4.7726,11.0952,0.0,0.0,1035,1430.0,0.0,0.0,5.75,8.69,0.0,0.0,24,254.0,0.0,0.0,one,RT,1
157,163,8132,8131,0,76.8291,4.4104,35.7997,35.7997,0.0,1223,2940.0,2940.0,0.0,5.47,9.1,9.1,0.0,202,-34.0,-34.0,0.0,many,TR,2
157,715,5550,5066,0,38.6185,6.353,14.8051,16.5827,0.0,1534,1776.0,2199.0,0.0,8.21,8.39,8.39,0.0,106,323.0,543.0,0.0,many,RT,2
160,4857,9971,1966,0,28.2362,5.7185,12.3774,9.1913,0.0,2003,1624.0,931.0,0.0,12.49,7.7,6.79,0.0,193,385.0,92.0,0.0,many,RT,2
160,3968,9974,4838,0,34.2485,8.7896,8.019,16.324,0.0,2575,1238.0,2230.0,0.0,17.0,7.59,9.56,0.0,86,347.0,514.0,0.0,many,RT,2
161,614,2009,0,0,17.2686,5.7497,10.8725,0.0,0.0,1510,1790.0,0.0,0.0,10.04,9.47,0.0,0.0,5,497.0,0.0,0.0,one,TR,1
161,3248,3145,0,0,21.683,8.1873,12.5297,0.0,0.0,1367,1957.0,0.0,0.0,5.66,12.66,0.0,0.0,35,346.0,0.0,0.0,one,RT,1
161,1790,8046,0,0,11.1403,3.7765,6.718,0.0,0.0,1174,916.0,0.0,0.0,6.51,8.46,0.0,0.0,139,127.0,0.0,0.0,one,TR,1
162,4036,545,0,0,16.1518,1.7699,13.8365,0.0,0.0,1555,1809.0,0.0,0.0,11.42,8.45,0.0,0.0,214,399.0,0.0,0.0,one,RT,1
164,1660,2157,0,0,19.2085,2.5115,16.1778,0.0,0.0,1192,1422.0,0.0,0.0,7.84,9.19,0.0,0.0,148,-72.0,0.0,0.0,one,RT,1
164,4819,2405,0,0,32.8833,3.9966,28.0048,0.0,0.0,2588,3176.0,0.0,0.0,19.24,13.82,0.0,0.0,269,322.0,0.0,0.0,one,TR,1
164,47,6744,4585,0,36.095,6.6105,7.8127,20.8264,0.0,1118,1056.0,2260.0,0.0,4.13,6.22,9.24,0.0,68,299.0,298.0,0.0,many,TR,2
164,2708,4787,3561,2058,70.3246,16.2219,14.8421,14.8402,22.4408,1361,2244.0,2244.0,3180.0,-3.53,9.52,9.52,11.76,109,612.0,612.0,761.0,many,RT,3
164,4332,7080,3940,0,47.9775,10.4905,11.1765,25.1324,0.0,1227,1324.0,2673.0,0.0,2.28,7.85,10.93,0.0,8,217.0,269.0,0.0,many,TR,2
164,780,9587,6888,0,41.724,7.9825,15.0528,17.4289,0.0,1832,2071.0,2209.0,0.0,7.9,9.39,9.21,0.0,229,476.0,455.0,0.0,many,RT,2
166,2084,5841,0,0,10.229,2.2652,7.3732,0.0,0.0,1256,1095.0,0.0,0.0,7.87,8.91,0.0,0.0,208,200.0,0.0,0.0,one,RT,1
166,1199,2221,0,0,22.8172,5.1538,17.0572,0.0,0.0,1294,2591.0,0.0,0.0,8.13,10.06,0.0,0.0,21,718.0,0.0,0.0,one,RT,1
166,1772,5562,0,0,13.7797,3.645,9.5716,0.0,0.0,1135,1451.0,0.0,0.0,6.85,8.63,0.0,0.0,97,361.0,0.0,0.0,one,TR,1
166,1933,1568,0,0,21.1764,5.1532,15.4283,0.0,0.0,1192,2112.0,0.0,0.0,7.16,9.95,0.0,0.0,14,453.0,0.0,0.0,one,TR,1
168,211,8640,0,0,24.8681,4.5584,19.647,0.0,0.0,1352,2292.0,0.0,0.0,8.23,10.63,0.0,0.0,96,310.0,0.0,0.0,one,TR,1
168,1235,8895,0,0,24.4762,4.2892,19.6592,0.0,0.0,1306,1540.0,0.0,0.0,8.96,9.28,0.0,0.0,32,-186.0,0.0,0.0,one,RT,1
168,683,9368,8684,3483,69.3006,13.4165,8.9045,28.9896,16.2372,1278,1224.0,2902.0,2355.0,-2.36,8.84,10.86,9.83,161,214.0,226.0,599.0,many,RT,3
170,1569,1459,0,0,21.8359,4.6669,16.4667,0.0,0.0,1528,2047.0,0.0,0.0,9.72,10.02,0.0,0.0,113,340.0,0.0,0.0,one,TR,1
170,2299,1873,0,0,21.8991,4.9097,16.3549,0.0,0.0,1112,2489.0,0.0,0.0,5.97,10.34,0.0,0.0,55,665.0,0.0,0.0,one,RT,1
171,1985,7547,0,0,38.997,0.5985,37.5979,0.0,0.0,3119,3718.0,0.0,0.0,25.54,14.01,0.0,0.0,451,175.0,0.0,0.0,one,RT,1
173,4749,6455,0,0,27.0091,4.6633,21.1451,0.0,0.0,2666,3141.0,0.0,0.0,17.19,16.01,0.0,0.0,419,563.0,0.0,0.0,one,TR,1
173,2581,9027,0,0,17.8945,3.7287,13.6423,0.0,0.0,1404,1897.0,0.0,0.0,10.03,8.23,0.0,0.0,67,490.0,0.0,0.0,one,RT,1
175,3569,2281,0,0,12.7008,4.3299,7.7222,0.0,0.0,1165,964.0,0.0,0.0,6.39,8.49,0.0,0.0,103,104.0,0.0,0.0,one,RT,1
181,3091,231,0,0,38.3775,9.377,27.9439,0.0,0.0,2030,3609.0,0.0,0.0,11.81,15.57,0.0,0.0,9,555.0,0.0,0.0,one,TR,1
181,4218,6249,0,0,17.2102,4.0704,12.4368,0.0,0.0,1616,1767.0,0.0,0.0,10.64,10.03,0.0,0.0,154,357.0,0.0,0.0,one,RT,1
181,349,3354,0,0,19.8296,5.4208,13.7043,0.0,0.0,1229,2118.0,0.0,0.0,6.56,10.04,0.0,0.0,63,551.0,0.0,0.0,one,TR,1
182,529,2961,0,0,15.6974,5.6257,9.3488,0.0,0.0,1136,1461.0,0.0,0.0,5.42,10.23,0.0,0.0,60,290.0,0.0,0.0,one,RT,1
182,4265,1629,0,0,17.6706,4.704,12.2261,0.0,0.0,1466,1913.0,0.0,0.0,8.73,10.41,0.0,0.0,134,459.0,0.0,0.0,one,TR,1
182,4596,4298,0,0,18.9838,3.8385,14.455,0.0,0.0,1619,1465.0,0.0,0.0,10.79,9.9,0.0,0.0,162,19.0,0.0,0.0,one,TR,1
184,1231,5253,0,0,13.5356,1.5428,11.3865,0.0,0.0,1619,1909.0,0.0,0.0,11.54,10.06,0.0,0.0,267,524.0,0.0,0.0,one,TR,1
184,1358,9045,0,0,19.6519,5.5258,13.2929,0.0,0.0,1462,1457.0,0.0,0.0,7.85,11.33,0.0,0.0,135,-2.0,0.0,0.0,one,TR,1
184,3027,9449,0,0,22.2806,4.9832,16.2719,0.0,0.0,1851,2600.0,0.0,0.0,10.21,14.25,0.0,0.0,290,530.0,0.0,0.0,one,RT,1
184,4151,7686,5445,0,48.7945,6.0207,20.9954,20.9393,0.0,1582,2178.0,2167.0,0.0,9.06,8.22,8.18,0.0,105,284.0,281.0,0.0,many,RT,2
184,3695,9132,5881,474,65.8122,14.7771,18.9434,16.4499,13.7298,1552,2285.0,2330.0,2170.0,-0.91,10.05,10.98,10.1,166,378.0,502.0,586.0,many,RT,3
184,2969,3589,2991,0,42.0513,7.6793,13.3298,19.7348,0.0,2251,2125.0,2889.0,0.0,11.87,9.53,11.54,0.0,279,607.0,707.0,0.0,many,RT,2
184,2031,9320,4297,0,41.7663,7.356,16.5978,16.7149,0.0,1790,1922.0,2407.0,0.0,8.92,7.95,10.03,0.0,172,356.0,600.0,0.0,many,RT,2
186,3907,7577,0,0,27.2098,7.2227,18.9616,0.0,0.0,2884,3463.0,0.0,0.0,21.05,15.25,0.0,0.0,137,976.0,0.0,0.0,one,TR,1
186,1632,1193,0,0,33.8153,0.3581,32.3469,0.0,0.0,4000,4556.0,0.0,0.0,32.01,17.1,0.0,0.0,657,936.0,0.0,0.0,one,RT,1
186,943,8665,3093,0,68.2707,8.9691,20.3672,37.1711,0.0,3008,2747.0,4215.0,0.0,15.71,11.81,14.82,0.0,471,547.0,531.0,0.0,many,RT,2
186,2412,4545,2625,1141,52.5882,8.0622,13.4206,16.5589,13.2393,1763,1875.0,2237.0,1886.0,6.75,8.4,8.34,8.33,253,477.0,576.0,499.0,many,RT,3
190,2296,6998,0,0,45.7157,3.6282,41.0344,0.0,0.0,3400,4242.0,0.0,0.0,26.22,15.53,0.0,0.0,399,290.0,0.0,0.0,one,RT,1
191,4581,4627,0,0,15.2293,5.9665,8.4622,0.0,0.0,1132,1435.0,0.0,0.0,4.68,11.01,0.0,0.0,85,276.0,0.0,0.0,one,RT,1
191,659,8814,0,0,19.7585,5.5738,13.1182,0.0,0.0,1718,2593.0,0.0,0.0,8.44,13.66,0.0,0.0,275,739.0,0.0,0.0,one,TR,1
191,1096,9084,0,0,38.0781,3.5684,33.9933,0.0,0.0,1091,2859.0,0.0,0.0,6.81,11.16,0.0,0.0,74,-110.0,0.0,0.0,one,RT,1
191,3466,8656,0,0,18.12,5.0327,12.3318,0.0,0.0,1481,1918.0,0.0,0.0,8.75,11.55,0.0,0.0,121,391.0,0.0,0.0,one,TR,1
191,245,5316,1731,0,41.3879,6.6281,18.1892,15.6131,0.0,1145,1565.0,1943.0,0.0,3.4,8.79,7.79,0.0,136,-55.0,438.0,0.0,many,TR,2
195,708,5672,0,0,16.7723,5.9648,10.074,0.0,0.0,1433,1806.0,0.0,0.0,8.45,10.33,0.0,0.0,44,505.0,0.0,0.0,one,RT,1
197,1009,2508,0,0,23.5047,3.3391,19.5997,0.0,0.0,1122,2200.0,0.0,0.0,6.69,9.66,0.0,0.0,120,298.0,0.0,0.0,one,RT,1
198,4550,8619,0,0,26.8629,0.5131,25.8398,0.0,0.0,2724,2290.0,0.0,0.0,24.01,10.1,0.0,0.0,278,-16.0,0.0,0.0,one,RT,1
200,2827,2868,0,0,36.3887,2.4697,33.2668,0.0,0.0,2731,3036.0,0.0,0.0,22.81,12.52,0.0,0.0,232,-12.0,0.0,0.0,one,RT,1
201,4964,8417,7280,0,58.2375,7.2301,25.405,24.4089,0.0,3104,3460.0,2799.0,0.0,21.85,12.39,10.54,0.0,240,769.0,428.0,0.0,many,RT,2
201,3927,5819,310,0,78.0881,7.9173,37.8614,31.3376,0.0,2449,3971.0,3440.0,0.0,16.97,11.13,11.59,0.0,57,517.0,460.0,0.0,many,RT,2
201,720,7928,5450,0,73.7448,6.2326,26.9097,39.5179,0.0,3915,3128.0,3975.0,0.0,31.35,11.26,12.58,0.0,241,494.0,342.0,0.0,many,RT,2
203,2090,9949,3351,0,37.856,9.7739,11.2193,15.6274,0.0,1473,1760.0,2358.0,0.0,4.35,9.17,9.18,0.0,92,471.0,673.0,0.0,many,RT,2
203,1880,3051,1543,0,42.4011,4.6944,15.7851,21.0474,0.0,1835,2184.0,2873.0,0.0,11.4,8.37,9.37,0.0,217,578.0,744.0,0.0,many,RT,2
205,2905,6725,0,0,15.1549,6.6878,7.694,0.0,0.0,1314,1461.0,0.0,0.0,6.84,10.73,0.0,0.0,19,356.0,0.0,0.0,one,RT,1
205,4493,8510,0,0,15.1139,2.7245,11.8383,0.0,0.0,1251,1891.0,0.0,0.0,8.18,9.51,0.0,0.0,153,516.0,0.0,0.0,one,TR,1
208,4803,9937,0,0,14.1704,4.8247,8.5189,0.0,0.0,1507,1476.0,0.0,0.0,8.38,11.27,0.0,0.0,179,289.0,0.0,0.0,one,RT,1
208,201,2938,0,0,16.8925,3.9562,12.3167,0.0,0.0,1131,1711.0,0.0,0.0,6.3,9.2,0.0,0.0,111,369.0,0.0,0.0,one,TR,1
208,1035,7359,5087,858,110.0567,16.2765,51.7427,22.7202,17.4001,1088,3101.0,2745.0,2399.0,-5.83,12.4,10.24,10.53,67,-1013.0,501.0,526.0,many,RT,3
210,4710,4990,1743,0,59.2384,7.5634,25.2244,25.1574,0.0,2537,2648.0,2706.0,0.0,15.0,10.47,10.47,0.0,278,271.0,319.0,0.0,many,TR,2
210,3335,1015,1014,0,44.2718,4.6305,14.1914,23.9989,0.0,3619,2302.0,2058.0,0.0,24.94,10.25,11.25,0.0,575,651.0,-153.0,0.0,many,RT,2
212,3218,2134,0,0,25.4949,4.7625,19.7161,0.0,0.0,2173,2877.0,0.0,0.0,13.67,14.16,0.0,0.0,299,549.0,0.0,0.0,one,TR,1
212,1767,2449,0,0,31.7346,9.1988,21.516,0.0,0.0,2795,3002.0,0.0,0.0,20.17,14.2,0.0,0.0,-1,539.0,0.0,0.0,one,TR,1
213,4381,9837,0,0,15.1481,2.6941,11.9482,0.0,0.0,1247,1841.0,0.0,0.0,8.54,9.06,0.0,0.0,127,497.0,0.0,0.0,one,RT,1
213,481,4965,0,0,28.214,8.4949,18.5424,0.0,0.0,1374,2388.0,0.0,0.0,3.84,14.77,0.0,0.0,143,209.0,0.0,0.0,one,TR,1
213,4782,9931,0,0,9.7205,3.1339,5.962,0.0,0.0,1212,1010.0,0.0,0.0,7.1,8.25,0.0,0.0,170,254.0,0.0,0.0,one,RT,1
213,3219,4397,0,0,23.9746,7.0619,16.0831,0.0,0.0,1210,1835.0,0.0,0.0,5.24,11.3,0.0,0.0,28,128.0,0.0,0.0,one,TR,1
213,2675,7691,3682,0,38.885,9.3655,11.1427,17.007,0.0,1277,1773.0,2517.0,0.0,1.08,9.92,9.78,0.0,202,442.0,681.0,0.0,many,RT,2
213,3152,2196,36,0,43.8698,7.274,21.009,14.7103,0.0,1046,2975.0,1904.0,0.0,3.09,9.39,8.38,0.0,42,823.0,426.0,0.0,many,RT,2
213,1980,5548,5129,0,53.3421,11.3971,29.1479,11.458,0.0,1056,3212.0,1717.0,0.0,-0.96,11.74,9.65,0.0,45,403.0,397.0,0.0,many,RT,2
215,4946,8455,7306,6886,70.0211,12.394,18.4233,19.5874,17.9821,1230,1888.0,1448.0,1944.0,-1.79,9.38,8.37,9.59,158,144.0,-200.0,200.0,many,RT,3
222,916,9947,2935,0,87.1891,6.4717,38.8907,40.6179,0.0,4456,3168.0,3324.0,0.0,35.91,12.01,12.08,0.0,301,-204.0,-188.0,0.0,many,RT,2
223,230,4147,0,0,13.2127,6.0355,6.46,0.0,0.0,1117,1148.0,0.0,0.0,5.27,9.17,0.0,0.0,29,277.0,0.0,0.0,one,RT,1
223,311,4287,2293,0,28.4336,7.9421,8.6267,10.6861,0.0,1282,1323.0,1503.0,0.0,2.85,8.73,9.06,0.0,182,312.0,312.0,0.0,many,RT,2
224,576,2297,0,0,22.9426,5.4196,16.6948,0.0,0.0,1873,2496.0,0.0,0.0,12.21,11.28,0.0,0.0,139,597.0,0.0,0.0,one,TR,1
225,254,3904,0,0,46.3009,0.1232,45.6089,0.0,0.0,3450,3481.0,0.0,0.0,31.11,11.69,0.0,0.0,341,-332.0,0.0,0.0,one,TR,1
227,4688,3026,0,0,28.6823,7.2745,20.4757,0.0,0.0,2320,2022.0,0.0,0.0,15.97,12.32,0.0,0.0,76,-40.0,0.0,0.0,one,TR,1
227,3234,6133,0,0,24.6945,7.6788,16.0574,0.0,0.0,1377,2436.0,0.0,0.0,5.83,12.58,0.0,0.0,65,513.0,0.0,0.0,one,RT,1
227,2218,8724,0,0,17.4127,3.9211,12.4287,0.0,0.0,2350,2399.0,0.0,0.0,15.11,13.63,0.0,0.0,385,633.0,0.0,0.0,one,TR,1
227,2285,3125,0,0,19.8259,2.2516,17.0367,0.0,0.0,1326,2549.0,0.0,0.0,9.08,9.38,0.0,0.0,177,727.0,0.0,0.0,one,TR,1
227,3476,808,0,0,23.5757,4.4396,18.2019,0.0,0.0,2393,2665.0,0.0,0.0,16.72,13.34,0.0,0.0,271,521.0,0.0,0.0,one,TR,1
227,2460,9967,0,0,25.6636,7.231,17.4686,0.0,0.0,1518,2454.0,0.0,0.0,7.26,12.64,0.0,0.0,99,443.0,0.0,0.0,one,RT,1
227,319,8330,4549,0,74.3224,12.6115,13.1791,47.0022,0.0,1430,2034.0,3994.0,0.0,1.25,10.84,13.46,0.0,79,472.0,-122.0,0.0,many,RT,2
231,2060,1221,0,0,21.0945,4.2822,15.8724,0.0,0.0,1870,1674.0,0.0,0.0,11.18,12.4,0.0,0.0,285,-46.0,0.0,0.0,one,TR,1
231,1076,5728,0,0,20.1427,6.5981,12.6507,0.0,0.0,1343,2278.0,0.0,0.0,6.06,11.94,0.0,0.0,99,625.0,0.0,0.0,one,RT,1
231,2773,1324,0,0,26.5638,7.8379,17.7436,0.0,0.0,1242,2649.0,0.0,0.0,4.2,12.82,0.0,0.0,69,565.0,0.0,0.0,one,RT,1
231,978,3586,0,0,30.1341,9.5743,19.4813,0.0,0.0,1390,2737.0,0.0,0.0,4.89,14.78,0.0,0.0,9,420.0,0.0,0.0,one,TR,1
231,1608,3596,2427,0,44.658,10.6516,20.5167,11.9107,0.0,1838,3166.0,2032.0,0.0,5.09,12.23,10.56,0.0,243,834.0,559.0,0.0,many,RT,2
231,200,8088,7936,3131,78.5929,22.358,18.6032,17.2013,17.6077,2643,2156.0,2750.0,2917.0,2.35,12.41,12.41,12.41,208,164.0,697.0,801.0,many,TR,3
233,3298,550,0,0,9.5681,1.7388,7.2762,0.0,0.0,1366,1098.0,0.0,0.0,9.36,7.53,0.0,0.0,221,286.0,0.0,0.0,one,RT,1
233,2566,7452,6338,0,39.2581,11.7485,12.7197,13.4252,0.0,1649,1896.0,1525.0,0.0,5.03,9.82,9.82,0.0,37,451.0,128.0,0.0,many,RT,2
233,2807,2616,326,0,43.4287,8.706,21.2894,12.3209,0.0,1636,1949.0,1752.0,0.0,7.17,9.5,8.62,0.0,89,19.0,433.0,0.0,many,RT,2
234,3189,3345,0,0,18.7735,4.3539,13.8226,0.0,0.0,1298,1999.0,0.0,0.0,8.26,9.97,0.0,0.0,70,458.0,0.0,0.0,one,RT,1
238,1385,3707,3706,0,27.6503,8.4668,9.1079,9.1079,0.0,1057,888.0,888.0,0.0,2.39,6.84,6.84,0.0,17,61.0,61.0,0.0,many,RT,2
240,4269,3818,0,0,16.5713,4.5336,11.5001,0.0,0.0,1067,1868.0,0.0,0.0,6.36,9.38,0.0,0.0,21,525.0,0.0,0.0,one,RT,1
243,1602,3979,0,0,10.2011,3.6056,5.9737,0.0,0.0,1291,1055.0,0.0,0.0,7.96,8.22,0.0,0.0,136,289.0,0.0,0.0,one,TR,1
243,3824,3179,0,0,23.3982,3.9932,18.8498,0.0,0.0,1122,2321.0,0.0,0.0,6.78,10.55,0.0,0.0,69,382.0,0.0,0.0,one,RT,1
243,1810,286,0,0,38.6641,3.5651,34.514,0.0,0.0,1123,3440.0,0.0,0.0,6.53,11.85,0.0,0.0,116,263.0,0.0,0.0,one,RT,1
246,2065,7896,0,0,29.5459,7.3209,21.1642,0.0,0.0,1488,2831.0,0.0,0.0,6.08,14.61,0.0,0.0,152,406.0,0.0,0.0,one,TR,1
246,3615,3299,0,0,22.1594,7.0068,14.3449,0.0,0.0,1117,1689.0,0.0,0.0,4.46,11.08,0.0,0.0,18,129.0,0.0,0.0,one,TR,1
246,3293,2076,0,0,24.5003,7.5045,15.9096,0.0,0.0,2183,2019.0,0.0,0.0,13.15,13.86,0.0,0.0,155,131.0,0.0,0.0,one,RT,1
246,768,9398,0,0,24.0123,7.0535,15.8987,0.0,0.0,1842,2070.0,0.0,0.0,9.8,13.6,0.0,0.0,170,185.0,0.0,0.0,one,RT,1
246,2305,7755,0,0,18.2169,4.5988,13.0211,0.0,0.0,1302,2121.0,0.0,0.0,8.3,9.97,0.0,0.0,53,597.0,0.0,0.0,one,RT,1
246,3213,8138,1092,0,36.1289,7.5687,17.0414,10.297,0.0,1524,1644.0,1460.0,0.0,5.01,9.09,8.13,0.0,234,54.0,355.0,0.0,many,RT,2
246,4881,3139,719,0,45.4631,10.9009,22.1873,11.0431,0.0,1431,2642.0,1482.0,0.0,3.04,11.57,8.75,0.0,74,377.0,293.0,0.0,many,RT,2
247,3591,3460,0,0,23.9345,8.6313,14.3166,0.0,0.0,1577,1995.0,0.0,0.0,7.68,12.87,0.0,0.0,17,261.0,0.0,0.0,one,RT,1
247,3079,4941,0,0,21.1688,3.6672,16.8862,0.0,0.0,1323,1393.0,0.0,0.0,8.35,9.15,0.0,0.0,128,-132.0,0.0,0.0,one,TR,1
247,1671,9422,0,0,19.3753,6.2063,12.3295,0.0,0.0,1273,2176.0,0.0,0.0,5.81,11.4,0.0,0.0,92,597.0,0.0,0.0,one,TR,1
247,1254,9755,0,0,15.4931,5.7037,8.9556,0.0,0.0,1432,1277.0,0.0,0.0,7.53,10.34,0.0,0.0,123,166.0,0.0,0.0,one,RT,1
252,1692,3273,0,0,13.3968,5.4358,7.229,0.0,0.0,1094,1340.0,0.0,0.0,4.9,9.32,0.0,0.0,79,371.0,0.0,0.0,one,RT,1
252,763,6803,0,0,25.9037,7.8841,17.1137,0.0,0.0,1151,2356.0,0.0,0.0,3.93,12.06,0.0,0.0,19,422.0,0.0,0.0,one,TR,1
252,1412,9125,0,0,14.2491,2.46,11.1906,0.0,0.0,1315,1523.0,0.0,0.0,8.42,8.98,0.0,0.0,200,303.0,0.0,0.0,one,TR,1
252,75,9759,8525,0,46.0942,8.665,24.316,11.9323,0.0,1234,3542.0,1867.0,0.0,2.33,10.49,9.32,0.0,134,1002.0,503.0,0.0,many,RT,2
257,2388,6934,0,0,12.3172,3.1368,8.5163,0.0,0.0,1412,1329.0,0.0,0.0,8.85,8.64,0.0,0.0,194,328.0,0.0,0.0,one,RT,1
257,3627,8544,5952,0,46.1696,10.4042,19.5426,14.8717,0.0,1204,2203.0,1430.0,0.0,0.48,11.54,7.97,0.0,120,196.0,79.0,0.0,many,TR,2
260,1094,3891,0,0,29.2841,7.1302,21.1808,0.0,0.0,1895,2976.0,0.0,0.0,11.14,13.73,0.0,0.0,111,565.0,0.0,0.0,one,RT,1
260,3766,6227,0,0,22.2563,0.404,21.2263,0.0,0.0,2179,2440.0,0.0,0.0,17.25,10.26,0.0,0.0,357,353.0,0.0,0.0,one,TR,1
260,4996,9505,0,0,19.3924,2.462,16.4232,0.0,0.0,1173,2051.0,0.0,0.0,7.75,9.07,0.0,0.0,144,400.0,0.0,0.0,one,RT,1
262,717,2425,0,0,23.2182,7.0623,15.2295,0.0,0.0,1552,2160.0,0.0,0.0,7.96,12.26,0.0,0.0,87,369.0,0.0,0.0,one,RT,1
262,2851,2743,0,0,37.0538,5.7506,30.3796,0.0,0.0,1186,2317.0,0.0,0.0,4.14,13.24,0.0,0.0,175,-435.0,0.0,0.0,one,RT,1
262,2916,755,0,0,39.2418,3.8992,34.4091,0.0,0.0,1853,3041.0,0.0,0.0,11.05,14.34,0.0,0.0,307,-177.0,0.0,0.0,one,RT,1
262,991,1674,0,0,11.8005,2.0758,9.1991,0.0,0.0,1197,766.0,0.0,0.0,7.84,7.26,0.0,0.0,181,-61.0,0.0,0.0,one,RT,1
262,1525,3997,0,0,32.1595,8.7394,22.2441,0.0,0.0,1479,3238.0,0.0,0.0,4.95,15.76,0.0,0.0,126,588.0,0.0,0.0,one,RT,1
262,822,9009,7205,6370,77.082,17.1401,12.0903,25.5234,20.1996,1419,1653.0,2122.0,1995.0,-4.26,9.1,11.1,10.1,138,344.0,-183.0,83.0,many,TR,3
262,2001,9029,2663,510,76.7202,18.2962,20.7473,16.8611,18.6948,2090,2447.0,1765.0,2113.0,2.86,11.02,10.1,10.1,54,343.0,99.0,259.0,many,TR,3
263,1843,7912,4048,3005,66.042,15.3208,16.1872,16.8674,15.6922,2149,1752.0,2220.0,2574.0,4.79,8.71,9.68,11.36,167,207.0,469.0,709.0,many,RT,3
265,3120,8013,4599,4433,71.466,17.1789,21.3031,15.7996,14.919,1563,3139.0,2113.0,2307.0,-3.98,11.45,10.61,10.59,219,813.0,395.0,594.0,many,RT,3
266,2411,9330,0,0,20.5312,6.9436,12.799,0.0,0.0,1193,2097.0,0.0,0.0,5.43,10.89,0.0,0.0,11,539.0,0.0,0.0,one,TR,1
270,2909,4065,0,0,48.3086,13.1445,33.4683,0.0,0.0,2183,4464.0,0.0,0.0,7.66,21.96,0.0,0.0,145,524.0,0.0,0.0,one,RT,1
272,1834,8341,6606,0,62.5141,11.0042,26.7715,23.4287,0.0,1637,2766.0,1925.0,0.0,5.4,12.46,9.64,0.0,54,158.0,-129.0,0.0,many,TR,2
275,784,428,0,0,21.4602,4.7629,16.0606,0.0,0.0,1450,1748.0,0.0,0.0,9.5,9.37,0.0,0.0,66,173.0,0.0,0.0,one,RT,1
275,1842,145,0,0,15.5265,5.3027,9.5017,0.0,0.0,1170,1651.0,0.0,0.0,5.79,10.22,0.0,0.0,82,426.0,0.0,0.0,one,RT,1
275,1900,2450,0,0,16.9766,3.1521,13.318,0.0,0.0,1219,1935.0,0.0,0.0,8.24,8.07,0.0,0.0,96,547.0,0.0,0.0,one,RT,1
275,3525,910,0,0,29.0001,10.4911,17.2799,0.0,0.0,1919,3176.0,0.0,0.0,9.09,15.29,0.0,0.0,39,852.0,0.0,0.0,one,RT,1
277,95,6360,0,0,14.311,4.2732,9.4076,0.0,0.0,1454,1597.0,0.0,0.0,9.59,9.3,0.0,0.0,96,443.0,0.0,0.0,one,RT,1
277,1518,9423,7436,1295,53.9426,13.0356,17.9051,7.6331,13.7861,2796,2288.0,1088.0,1756.0,15.11,9.43,7.24,8.16,83,475.0,275.0,379.0,many,RT,3
278,3660,3224,0,0,36.2861,7.1773,28.1731,0.0,0.0,2621,3336.0,0.0,0.0,19.1,14.36,0.0,0.0,85,403.0,0.0,0.0,one,TR,1
279,2906,1699,0,0,30.245,4.3024,25.415,0.0,0.0,1655,3498.0,0.0,0.0,12.63,11.28,0.0,0.0,31,861.0,0.0,0.0,one,RT,1
279,706,6586,5242,0,57.9776,3.6313,18.3347,35.1584,0.0,2609,2386.0,2969.0,0.0,19.72,9.28,10.25,0.0,276,534.0,-41.0,0.0,many,TR,2
279,3276,5327,4863,0,66.1084,6.7516,24.6908,33.0586,0.0,4825,3217.0,4171.0,0.0,36.2,12.1,12.97,0.0,526,641.0,839.0,0.0,many,RT,2
279,3804,7032,2235,0,49.8998,1.3543,27.2538,20.3823,0.0,3159,2433.0,2765.0,0.0,24.99,9.69,9.41,0.0,466,36.0,698.0,0.0,many,TR,2
280,4888,4789,0,0,36.1785,6.6507,28.7032,0.0,0.0,2466,3511.0,0.0,0.0,18.47,13.25,0.0,0.0,53,570.0,0.0,0.0,one,RT,1
281,29,274,0,0,28.6289,6.5897,20.7833,0.0,0.0,3054,3456.0,0.0,0.0,20.76,16.56,0.0,0.0,322,792.0,0.0,0.0,one,TR,1
281,2666,4540,2095,0,28.6259,7.2591,8.6443,11.7859,0.0,1134,1208.0,1509.0,0.0,3.48,6.71,7.66,0.0,80,339.0,334.0,0.0,many,TR,2
281,285,8186,5564,4204,86.043,12.2391,20.7892,34.7751,16.7267,1101,1934.0,2222.0,1885.0,-2.06,9.01,10.01,9.11,94,65.0,-574.0,254.0,many,RT,3
281,1338,9902,3668,0,70.1813,15.6298,14.968,37.8458,0.0,1813,2280.0,3628.0,0.0,3.4,10.9,14.48,0.0,1,553.0,65.0,0.0,many,RT,2
