ID,appr_d_time,appr_d_trip,appr_d_detour,appr_d_alone,appr_d_cost,appr_d_savings,appr_d_vmt,appr_d_gencost0,appr_d_bnf,appr_r_time,appr_r_trip,appr_r_detour,appr_r_alone,appr_r_cost,appr_r_savings,appr_r_vmt,appr_r_gencost0,appr_r_bnf,cen_d_time,cen_d_trip,cen_d_detour,cen_d_alone,cen_d_cost,cen_d_savings,cen_d_vmt,cen_d_gencost0,cen_d_bnf,cen_r_time,cen_r_trip,cen_r_detour,cen_r_aolne,cen_r_cost,cen_r_savings,cen_r_vmt,cen_r_gencost0,cen_r_bnf,exa_d_time,exa_d_trip,exa_d_detour,exa_d_alone,exa_d_cost,exa_d_savings,exa_d_vmt,exa_d_gencost0,exa_d_bnf,exa_r_time,exa_r_trip,exa_r_detour,exar_aolne,exa_r_cost,exa_r_savings,exa_r_vmt,exa_r_gencost0,exa_r_bnf
1,1680.833836858006,1840.1480362537764,0.09942086101829509,17.653223564954683,8.948700906344412,8.704522658610273,15.044064048338367,31.660172205438066,0.47968391117580883,1455.6517150395778,1636.2506596306068,0.11475587756018121,24.566098416886547,11.627387862796835,12.938710554089711,18.25122031662269,36.696529375549694,0.48106773076892706,1659.3101449275362,1856.8028985507246,0.12036413466061115,17.427221739130434,9.03495652173913,8.392265217391305,14.483135652173914,31.254806280193236,0.47099934883404504,1535.2524509803923,1764.5686274509803,0.13679399058480676,25.624701960784314,11.635245098039217,13.9894568627451,19.4307625,38.418472385620916,0.4905299052229711,1679.9486404833838,1838.2114803625377,0.09902368191367729,17.643947129909364,8.979335347432023,8.66461178247734,15.004828700906343,31.643519133937566,0.4788530021380474,1453.2724867724867,1634.015873015873,0.11502630277989948,24.534465343915347,11.611164021164022,12.923301322751325,18.22527142857143,36.64506940035273,0.4810438101255928
2,1679.954356846473,1814.9211618257261,0.08430007888162998,17.643914937759337,9.056099585062242,8.587815352697094,8.025389626556018,24.643724757952974,0.32923117631567095,1413.1030534351146,1565.9847328244275,0.0945314027126238,24.00036221374046,11.682977099236641,12.317385114503816,11.68047824427481,29.888291603053432,0.3775430422749932,1662.0,1818.7539682539682,0.0950293752866697,17.45535119047619,9.645119047619048,7.810232142857144,7.156867460317461,24.38035119047619,0.30471692948950607,1532.886925795053,1716.2897526501768,0.1108985715999762,25.59344522968198,11.33017667844523,14.26326855123675,13.499089045936394,31.980474087161365,0.4030787985982064,1679.954356846473,1814.9211618257261,0.08430007888162998,17.643914937759337,9.056099585062242,8.587815352697094,8.025389626556018,24.643724757952974,0.32923117631567095,1413.1030534351146,1565.9847328244275,0.0945314027126238,24.00036221374046,11.682977099236641,12.317385114503816,11.68047824427481,29.888291603053432,0.3775430422749932
3,1627.0027397260274,1795.3506849315067,0.10814553921541012,17.088353424657534,8.80917808219178,8.279175342465754,14.35691917808219,30.646709589041095,0.4744387642832942,1392.3634146341462,1568.3463414634145,0.10868718574151973,23.724068536585364,11.431000000000001,12.293068536585368,17.361595609756098,35.327096991869915,0.4784246321797758,1603.5932642487046,1800.800518134715,0.12510199695615518,16.842540155440414,9.149093264248705,7.69344689119171,13.553390155440413,30.205817357512952,0.4587165676036115,1456.8235294117646,1663.9524886877828,0.12996987085536474,24.58157330316742,11.279886877828051,13.301686425339367,18.50885972850679,36.72176938159879,0.48819142085169503,1627.0027397260274,1795.3506849315067,0.10814553921541013,17.088353424657534,8.809178082191782,8.279175342465754,14.35691917808219,30.646709589041095,0.4744387642832942,1392.3634146341462,1568.3463414634145,0.10868718574151975,23.724068536585364,11.431000000000001,12.293068536585368,17.361595609756098,35.32709699186992,0.4784246321797758
4,1633.5100286532952,1776.0487106017192,0.09372940225031214,17.15622206303725,7.798538681948423,9.357683381088824,15.570006303724929,30.76880563514804,0.5087741793620901,1450.6951501154736,1642.7228637413396,0.12073405112968712,24.499862124711317,11.312586605080833,13.187275519630484,18.43171247113164,36.588988375673594,0.49142595431492264,1620.2569832402235,1809.522346368715,0.11718460384039169,17.017055865921787,8.415698324022346,8.601357541899441,14.563900558659219,30.519197392923648,0.4861941900592917,1571.604700854701,1838.8675213675215,0.1612213364872882,26.107928846153847,11.117863247863248,14.990065598290599,20.42468547008547,39.20463468660968,0.5076325526545995,1633.5100286532952,1777.676217765043,0.09459224862291617,17.15622206303725,7.765042979942693,9.391179083094555,15.596706303724929,30.76880563514804,0.5096972987256112,1450.858468677494,1642.4385150812066,0.12039255282737645,24.50205150812065,11.373457076566126,13.128594431554523,18.375577030162415,36.592538747099766,0.4902334662211668
5,1654.3837209302326,1817.1027131782946,0.10436626526092639,17.375651162790696,8.223934108527132,9.151717054263566,15.366912790697675,31.16218217054264,0.49524814904194414,1454.1796116504854,1613.621359223301,0.10433601583768194,24.546381067961164,11.56621359223301,12.980167475728155,18.37500501618123,36.66454449838188,0.48768166207843355,1630.7250922509224,1834.629151291513,0.1268371188184382,17.12725184501845,8.50470479704797,8.62254704797048,14.567764575645757,30.71662761377614,0.48459284456201546,1518.485119047619,1724.626488095238,0.13126998948098872,25.40157470238095,11.432023809523809,13.969550892857141,19.437638690476188,38.05561736111111,0.49480631035244016,0.0,0.0,0.0,0.0,0.0,0.0,0.0,0.0,0.0,0.0,0.0,0.0,0.0,0.0,0.0,0.0,0.0,0.0
6,1685.443418013857,1833.378752886836,0.09130506479332719,17.70173556581986,7.483510392609699,10.218225173210161,16.624508083140878,31.747097382602004,0.527888831824982,1511.3615916955018,1720.4602076124568,0.12638894301344175,25.306822318339098,11.436435986159168,13.870386332179931,19.29655813148789,37.90150224913495,0.49471154077973656,1670.6808988764044,1884.21797752809,0.1288122354953099,17.546706741573033,8.021685393258426,9.525021348314606,15.596392359550562,31.46904756554307,0.5041385461784897,1595.6764705882354,1882.938080495356,0.17355885536333032,26.42821176470588,11.108219814241485,15.319991950464395,20.7717,39.725515686274505,0.5091375567095012,1685.4318706697459,1832.986143187067,0.09137422000193234,17.701617782909928,7.472771362586604,10.228846420323325,16.636705773672055,31.74688337182448,0.5283978409480834,1511.5431034482758,1726.3672413793104,0.12882511429926022,25.30921344827586,11.428362068965518,13.880851379310345,19.283903620689657,37.9054059770115,0.49472007824838826
7,1671.0901213171578,1825.2842287694973,0.09711837837595823,17.551185441941072,8.203691507798961,9.347493934142115,8.705157019064124,24.51406094742923,0.3581630309988198,1465.1524216524217,1636.9529914529915,0.11083524063200703,24.69231923076923,11.518504273504274,13.173814957264955,12.458228632478635,30.79712098765432,0.39226504671020096,1653.206375838926,1828.3942953020135,0.11010496047623457,17.3633783557047,8.173355704697986,9.19002265100671,8.460187751677852,24.25173825503356,0.3600869042109854,1515.7203728362183,1714.5965379494007,0.1268976645299966,25.364902396804265,11.430266311584555,13.934636085219708,13.10624620505992,31.680403950288504,0.398771147367352,1672.4722222222222,1826.314236111111,0.09677786711838138,17.56570052083333,8.209253472222223,9.356447048611109,8.715640972222223,24.534334780092593,0.35842227814394834,1466.4159544159545,1640.0299145299145,0.11285750173393137,24.709124216524216,11.520284900284901,13.188839316239317,12.465734615384616,30.819190693257358,0.39217025479757184
8,1676.1986863711002,1827.0919540229886,0.09562387328504987,17.604554187192118,8.159326765188833,9.445227422003285,8.816548932676518,24.588715380405034,0.36588275487588734,1473.0661157024792,1634.0013774104684,0.09607971762131169,24.79725688705234,11.70866391184573,13.088592975206613,12.418190633608814,30.935032369146008,0.3864926380012662,1657.2866141732284,1849.6094488188976,0.1202297710566585,17.40598582677165,8.322377952755906,9.08360787401575,8.282263307086614,24.311346719160106,0.35550533761288255,1539.3418693982073,1723.7119078104993,0.11041965601214397,25.678686555697823,11.665300896286812,14.013385659411012,13.245148655569784,32.09261101152369,0.39543674791848615,1677.9686985172982,1829.523887973641,0.09562745594713823,17.62312438220758,8.120939044481053,9.502185337726525,8.870793574958814,24.61466062602965,0.36806217006013303,1473.5661157024792,1633.1735537190082,0.09571047139863582,24.803901652892563,11.717837465564738,13.086064187327823,12.421218319559229,30.943760468319557,0.3865528882241629
9,1619.5428571428572,1747.769523809524,0.0832704297928045,17.00978285714286,6.76224761904762,10.247535238095239,16.46121333333333,30.505973333333333,0.5462263288690701,1418.3487031700288,1558.4178674351585,0.08659520575762013,24.06969942363113,11.137363112391933,12.932336311239194,18.25845446685879,35.889271950048034,0.4954668984595784,1605.9574074074073,1760.4574074074073,0.097640666152076,16.86714444444445,7.40775925925926,9.459385185185186,15.50704074074074,30.250122839506172,0.5258414321117966,1531.0189701897018,1719.1720867208671,0.11191761707584358,25.56817764227642,10.932520325203253,14.63565731707317,20.230963414634143,38.32666906052394,0.5127222607305395,0.0,0.0,0.0,0.0,0.0,0.0,0.0,0.0,0.0,0.0,0.0,0.0,0.0,0.0,0.0,0.0,0.0,0.0
10,1629.6760772659732,1762.2808320950967,0.08399747142068666,17.116219167904905,7.2432986627043086,9.872920505200593,9.320497919762259,23.906536156513127,0.3971497392235352,1454.28453364817,1592.1924439197167,0.08358912283772271,24.547693270366,11.376174734356553,13.171518536009446,12.596999173553721,30.607212160566704,0.3965114214861568,1604.1286713286713,1754.639160839161,0.09517724560595901,16.847920279720277,7.2247552447552446,9.623165034965036,8.995963356643356,23.531789743589744,0.39317187865530145,1507.1074197120709,1657.9080841638981,0.09131262610725513,25.25019080841639,11.418482834994462,13.831707973421926,13.203372203765227,31.52980505721668,0.4007573161497858,1629.3857566765578,1760.814540059347,0.08326460087911106,17.113175074183975,7.2499258160237385,9.863249258160238,9.315728486646885,23.902282393669637,0.3963439950112662,1455.2369668246445,1590.1552132701422,0.08188396601875995,24.56035165876777,11.397677725118482,13.16267393364929,12.60061078199052,30.623839020537126,0.3963648321605317
11,1646.9728353140918,1786.2088285229202,0.09105129750882661,17.297605263157894,6.42578947368421,10.871815789473684,17.154184210526317,31.02237889077532,0.5604510246124621,1505.39336492891,1716.2381516587677,0.1304738153163663,25.227551066350713,11.230071090047394,13.997479976303318,19.391650355450235,37.77249577409163,0.5000174438096568,1645.2554991539764,1839.6565143824027,0.12156010414929765,17.279573604060914,6.874196277495769,10.405377326565144,16.450752791878173,30.99003609701072,0.5453711700049143,1581.601931330472,1848.9871244635194,0.16608783649576347,26.24118100858369,10.836384120171674,15.404796888412019,20.880736802575104,39.42119710300429,0.5148993690931968,0.0,0.0,0.0,0.0,0.0,0.0,0.0,0.0,0.0,0.0,0.0,0.0,0.0,0.0,0.0,0.0,0.0,0.0
12,1669.5137741046833,1795.0027548209366,0.07930577663605312,17.53450826446281,8.232272727272727,9.302235537190084,8.779212947658403,24.49081565656566,0.3655495724476064,1427.5884393063584,1553.2046242774566,0.07818589859273108,24.192608670520233,11.324647398843931,12.867961271676299,12.344528092485548,30.140893834296723,0.39257020373301627,1640.3376792698828,1783.8917861799218,0.09056616227689597,17.228131681877443,8.260560625814863,8.967571056062582,8.36939400260756,24.062872012168622,0.3590185196867576,1476.6902173913043,1614.0858695652173,0.0844640612313095,24.84573358695652,11.29570652173913,13.550027065217392,12.977607826086956,30.998609492753616,0.3998816882330878,1668.7537826685007,1795.0165061898213,0.07998925808695785,17.526522008253092,8.230632737276478,9.295889270976616,8.769650618982118,24.479662769371846,0.36545774673069514,1427.3044982698962,1553.3760092272203,0.07860649687784631,24.188812572087656,11.323010380622836,12.865802191464821,12.34045755478662,30.13591464821222,0.39254794305671104
13,1627.0259938837921,1752.597859327217,0.08032737688646956,17.08822018348624,6.411758409785933,10.676461773700305,10.153283027522937,23.867495158002043,0.43225792525136547,1424.89289740699,1553.715896279594,0.07949633601610194,24.156700563697857,11.123325817361893,13.033374746335964,12.496895941375422,30.093754302893647,0.4018277257682967,1616.3841554559044,1773.0732436472347,0.09770150585737569,16.976484304932736,6.594319880418536,10.3821644245142,9.729464125560538,23.711418285999002,0.42561531259564933,1522.522774327122,1698.1356107660456,0.10518227828614589,25.45515258799172,10.937422360248446,14.51773022774327,13.786386956521739,31.798997481021395,0.4172171260640908,1626.0687022900763,1751.7465648854961,0.08031508948346666,17.078170992366413,6.3718778625954196,10.706293129770991,10.182632671755725,23.8534572519084,0.43374404600036814,1423.3543307086613,1551.7795275590552,0.07926820986802918,24.136231383577055,11.128470191226098,13.007761192350957,12.47294690663667,30.066874428196474,0.4015346535868178
14,1636.398561151079,1755.945323741007,0.0754745198603501,17.186695683453237,6.343453237410071,10.843242446043165,10.345269064748202,24.005023021582737,0.4384741274120935,1464.111344537815,1620.1512605042017,0.09032878488760777,24.678340966386553,11.234674369747898,13.443666596638655,12.793571323529411,30.778804901960786,0.40257479193586504,1627.1796322489392,1777.8458274398868,0.09371579223710119,17.089928571428572,6.6847524752475245,10.405176096181046,9.777505091937766,23.869843705799152,0.42505134522727694,1550.1194605009634,1747.6050096339113,0.11411884422064839,25.82232360308285,10.95000963391137,14.872313969171483,14.049465221579961,32.281154688503534,0.4207444960798626,0.0,0.0,0.0,0.0,0.0,0.0,0.0,0.0,0.0,0.0,0.0,0.0,0.0,0.0,0.0,0.0,0.0,0.0
15,1637.2535014005603,1763.093837535014,0.07989155086971793,17.19554411764706,6.2307282913165265,10.964815826330533,17.262338655462187,30.83932329598506,0.5656166085074388,1445.5948361469711,1590.2065541211518,0.08511303605153256,24.43225283018868,11.066156901688181,13.366095928500496,18.786976266137042,36.478876464746776,0.5020206839581496,1623.1198910081744,1783.2806539509536,0.10135453883584983,17.047119891008172,6.5180790190735705,10.529040871934605,16.624666485013623,30.57311898274296,0.5546834718572836,1534.0602739726028,1726.662100456621,0.11299744347664828,25.608715525114157,10.856785388127854,14.751930136986301,20.3415600913242,38.39255114155252,0.514569412338906,0.0,0.0,0.0,0.0,0.0,0.0,0.0,0.0,0.0,0.0,0.0,0.0,0.0,0.0,0.0,0.0,0.0,0.0
16,1643.5631578947368,1793.092105263158,0.09552398056005236,17.26191118421053,6.123131578947368,11.138779605263158,17.363984078947368,30.958270833333337,0.5695032927518573,1471.1284080914688,1663.7343887423044,0.1185144550399784,24.771709498680735,11.002735268249781,13.768974230430958,19.096108619173265,37.03111289944298,0.5040829796318036,1642.0511811023623,1835.6062992125985,0.1207447474679578,17.246043307086616,6.258175853018372,10.987867454068242,17.023391994750657,30.929803149606297,0.5695081480619744,1546.848171701113,1800.0230524642288,0.15513270816992752,25.77894984101749,10.701033386327504,15.077916454689984,20.468099443561208,38.669351271860094,0.5153411143406889,0.0,0.0,0.0,0.0,0.0,0.0,0.0,0.0,0.0,0.0,0.0,0.0,0.0,0.0,0.0,0.0,0.0,0.0
17,1634.132561132561,1779.956241956242,0.09439168545273931,17.162832046332046,6.69913770913771,10.463694337194337,16.664859459459457,30.78060338910339,0.5464129072990941,1509.41890639481,1707.9629286376273,0.12228919880397238,25.28102956441149,11.28539388322521,13.995635681186284,19.457921223354955,37.85952045103491,0.500176661976066,1628.811464968153,1825.7630573248407,0.12290249511062716,17.106974522292994,7.112254777070064,9.994719745222929,15.960898471337579,30.680403397027604,0.5361300284003749,1598.8071065989848,1863.0685279187817,0.1584100476860583,26.470000084602372,11.001590524534688,15.468409560067682,21.029284771573604,39.793392639593904,0.5133640184074055,1634.8878865979382,1782.5296391752577,0.09498441485677728,17.170757087628864,6.656507731958762,10.514249355670103,16.710994845360826,30.794822809278347,0.547938191176187,1512.7402957486138,1710.1561922365988,0.12118415727202829,25.325196857670978,11.300988909426986,14.024207948243994,19.50502393715342,37.93136598890943,0.5005469200262739
18,1627.8163265306123,1764.5426170468188,0.09054490091923274,17.096566026410564,6.311176470588236,10.785389555822329,16.998248859543818,30.66170208083233,0.56159380071083,1482.8457047539616,1666.7331109257714,0.11453835859411701,24.92768256880734,11.038565471226022,13.889117097581318,19.30159824854045,37.28473010842369,0.5041060062730768,1624.7338902147972,1827.9677804295943,0.12828021367296455,17.064196897374703,6.455262529832936,10.608934367541766,16.531807875894987,30.603645982498012,0.5557313999814917,1570.6666666666667,1815.9736644093302,0.1508479733462346,26.09566531226486,10.87808878856283,15.21757652370203,20.74002498118886,39.18455420115375,0.515280270453502,1626.7413173652694,1765.8850299401197,0.09206796634628577,17.085278443113772,6.26534131736527,10.819937125748504,17.018176886227547,30.641456087824352,0.5624925936419124,1485.11231281198,1667.9292845257903,0.11457505691319053,24.95782495840266,11.072271214642262,13.8855537437604,19.31189126455907,37.3337608985025,0.5039110157960967
19,1686.3415597235933,1812.6011846001975,0.07855082067657262,17.71098864758144,7.712122408687067,9.998866238894374,9.472956564659427,24.73741181309641,0.389966273289208,1445.7307386814932,1571.143764892772,0.07693503930603322,24.433878077839555,11.47479745830024,12.959080619539318,12.436583161239078,30.457756155679114,0.39444678532485866,1660.4715750232992,1809.830382106244,0.09250812672379984,17.439355079217147,7.666085740913326,9.77326933830382,9.15102991612302,24.357986641814225,0.38679902365268437,1503.2074074074073,1649.8081481481481,0.08724475200584977,25.198355703703704,11.504837037037037,13.693518666666666,13.082710740740739,31.461719901234567,0.40014120230374306,1686.222879684418,1812.783037475345,0.07864801030834101,17.709739644970412,7.7069230769230765,10.002816568047336,9.47567899408284,24.73566831032216,0.3902433429972833,1447.2605242255759,1572.4606830818109,0.07681427067493317,24.454224225575857,11.487982525814138,12.966241699761715,12.4446194598888,30.484476409849083,0.39438990559040005
20,1646.8254972875227,1796.8462929475588,0.09705617674758964,17.296099909584086,6.800560578661845,10.495539330922243,9.870285171790234,24.157872814948764,0.41994514381310877,1450.170145477546,1635.2985452245414,0.11431217996690451,24.492959329538266,10.90135357368754,13.591605755850729,12.820283491461101,30.535334935694703,0.406211630461727,1625.6499133448874,1813.2123050259966,0.1196756799820052,17.073746100519926,6.141637781629116,10.932108318890814,10.15033466204506,23.847287406123627,0.4424792147296756,1478.1980482204362,1679.1377726750861,0.12378121324070372,24.865736222732494,11.002594718714121,13.863141504018369,13.025846326061997,31.02489475698431,0.4060565671801793,1647.1212669683257,1796.152036199095,0.09683667394251176,17.29920814479638,6.7861628959276015,10.513045248868778,9.891972850678732,24.162213423831073,0.42150378130973276,1450.0510718789408,1636.46973518285,0.11563932346761745,24.491392433795713,10.882320302648171,13.609072131147542,12.832329697351827,30.533271899957963,0.406817487797665
21,1666.7549271636676,1795.46529562982,0.07970740005274424,17.505465295629822,6.922922022279349,10.58254327335047,10.046303341902314,24.4502774921451,0.42249870498565345,1424.1115409413283,1543.5867182462928,0.07255498193459833,24.14646802063185,11.231302385557704,12.915165635074146,12.417445196647325,30.080266107887383,0.3994331748186385,1645.3983606557376,1802.193442622951,0.09725497770058758,17.281224590163934,6.653950819672131,10.627273770491804,9.974011967213116,24.137051092896176,0.42963504324155455,1474.040901007706,1617.1410788381743,0.08650329245613561,24.810523947836398,11.238565500889152,13.571958446947242,12.97568944872555,30.9523610353685,0.404251566698333,0.0,0.0,0.0,0.0,0.0,0.0,0.0,0.0,0.0,0.0,0.0,0.0,0.0,0.0,0.0,0.0,0.0,0.0
22,1660.8307426597582,1789.4490500863558,0.08019312782423904,17.44322279792746,7.441899827288429,10.001322970639032,9.465434974093263,24.363350892343117,0.39504071803377405,1435.4259634888438,1562.4164976335362,0.0783060900825343,24.296852467883706,11.241507775524004,13.055344692359704,12.526185936443543,30.277793982420558,0.39829687149094634,1636.977105478332,1785.5993458708094,0.09281828989105678,17.192774325429273,7.133000817661488,10.059773507767783,9.440517661488144,24.013512264922326,0.40647766054250534,1471.989375,1605.644375,0.08077608844469979,24.7831088125,11.265374999999999,13.517733812500001,12.960854062500003,30.916397875,0.40208984114367685,0.0,0.0,0.0,0.0,0.0,0.0,0.0,0.0,0.0,0.0,0.0,0.0,0.0,0.0,0.0,0.0,0.0,0.0
23,1637.6956967213114,1761.358606557377,0.07913353924754453,17.200254098360656,5.65811475409836,11.542139344262296,17.85048493852459,30.847718237704917,0.5866088400690728,1454.6390041493776,1594.8450899031811,0.08597236367418919,24.552336998616877,11.006964038727524,13.545372959889347,19.022254218533885,36.67432869986169,0.5053170665376928,1627.4929718875503,1788.5170682730923,0.10050115086918775,17.093152108433735,5.957198795180722,11.135953313253014,17.246254216867474,30.655593540829987,0.5785585816547759,1549.1406844106464,1742.5583016476553,0.11494782447314354,25.80922896070976,10.793529784537391,15.01569917617237,20.664697655259822,38.718734664131816,0.5190295949416276,1636.7709611451942,1762.756646216769,0.08074691786317341,17.19054447852761,5.650889570552147,11.53965490797546,17.834524233128835,30.830302488070895,0.5865122606140509,1457.0253946465339,1600.4179821551134,0.08794802443538771,24.584033424845575,10.99070006863418,13.593333356211394,19.066875497597806,36.72591171356669,0.5060925782296798
24,1666.367041198502,1821.3205992509363,0.09791502766568895,17.501367415730336,6.968756554307117,10.53261086142322,16.830078426966292,31.387759425717853,0.542803007780774,1477.2464788732395,1646.2156013001083,0.1068979734630652,24.85315845070423,11.243282773564463,13.609875677139764,19.06111327193933,37.163545774647886,0.49941414043972143,1642.3383404864092,1839.7846924177397,0.12284121447816027,17.249045064377682,6.7448640915593705,10.504180972818313,16.524549999999998,30.935197901764422,0.5473479794425015,1522.7527147087858,1720.6312931885489,0.12339788956171138,25.458478973346498,11.243232971372162,14.215246001974334,19.735528084896348,38.14808492925305,0.5026944020809501,0.0,0.0,0.0,0.0,0.0,0.0,0.0,0.0,0.0,0.0,0.0,0.0,0.0,0.0,0.0,0.0,0.0,0.0
25,1673.669384729429,1826.95033358043,0.0968773847532923,17.57798962194218,7.093899184581173,10.484090437361008,16.818984210526317,31.525234494687428,0.5402803250406891,1455.3145766345124,1623.9265809217577,0.10470576325707769,24.56134314040729,11.158220793140407,13.403122347266882,18.764459485530544,36.68896461236156,0.4987720045200457,1648.833569405099,1854.6458923512748,0.12776541073988815,17.317185552407935,6.792535410764874,10.52465014164306,16.537309915014163,31.057465297450427,0.5465221007441508,1515.1482741857074,1717.6329606222655,0.12252055617998808,25.357125862907147,11.231176470588235,14.125949392318912,19.595357851239672,37.98336148112138,0.5019550206509682,1674.1009651076465,1827.2776540460281,0.0966332238193648,17.58250334075724,7.113051224944321,10.469452115812919,16.806546399406088,31.53334471665429,0.5399993130752638,1456.2563002680965,1626.0723860589812,0.1054506174851169,24.57383849865952,11.148943699731904,13.424894798927614,18.785124343163538,36.709307667560324,0.4989724667756699
26,1659.5264100268575,1785.5738585496867,0.07911350518009538,17.42964413607878,5.549749328558639,11.879894807520142,11.35468406445837,24.34433751119069,0.4768384407385877,1480.9577464788733,1628.2476525821596,0.08640279401749819,24.902356631455397,11.035463615023474,13.866893016431925,13.253359330985916,31.073013908450704,0.41366749441940415,1651.0555555555557,1805.2407407407406,0.0954190356758423,17.34069576719577,5.254497354497355,12.086198412698412,11.443787918871251,24.220093915343917,0.4897756261417244,1531.8132337246532,1713.6040554962647,0.10650675452161347,25.578730843116332,10.833996798292423,14.744734044823906,13.987383137673426,31.96128598363572,0.42354107844974703,0.0,0.0,0.0,0.0,0.0,0.0,0.0,0.0,0.0,0.0,0.0,0.0,0.0,0.0,0.0,0.0,0.0,0.0
27,1607.9630266552022,1749.3946689595873,0.0913918496498168,16.888079535683577,4.68396388650043,12.204115649183148,11.61486758383491,23.587925480080255,0.5050299530653164,1474.2682051282052,1667.282564102564,0.11797120645429718,24.81340964102564,10.655379487179486,14.158030153846155,13.353945282051283,30.95619382905983,0.41909779302296835,1606.5763293310463,1795.5205831903945,0.12015327435135502,16.873518010291598,4.23786449399657,12.635653516295026,11.848472641509435,23.567586049170956,0.5240989978683834,1518.3322535863026,1749.4146228597872,0.1426117566542357,25.39943105043961,10.505400277649235,14.894030772790376,13.93136390559926,31.725815440382544,0.4257534047800539,1607.479381443299,1749.4664948453608,0.0915898301739007,16.882998711340207,4.706838487972509,12.176160223367699,11.584653436426116,23.580829467353954,0.5039868806571207,1472.4181631605952,1664.5361723961005,0.11711621194258591,24.788803078501797,10.652447408927657,14.13635566957414,13.335986916367366,30.923878758337608,0.4191498244369881
28,1630.8077900084675,1760.9077053344622,0.08239272362029541,17.128122777307368,5.094394580863675,12.033728196443692,11.491619475021169,23.923155235675978,0.4922837661372045,1445.826396495071,1577.906900328587,0.079295763073251,24.435140087623218,10.946626506024097,13.488513581599126,12.938276451259583,30.459416739686016,0.4128539943099004,1625.2453936348409,1786.0569514237857,0.10047742541987104,17.069706030150755,4.937948073701842,12.131757956448912,11.461762814070351,23.84156183696259,0.5012408760540197,1507.3214643931794,1670.2181544633902,0.09713151401976337,25.2530592778335,10.756128385155467,14.496930892678034,13.818138665997994,31.533565379471746,0.4240272604940176,1631.3398305084745,1760.715254237288,0.08197605256873544,17.13371440677966,5.065847457627118,12.067866949152542,11.528738559322036,23.93096370056497,0.4940804197920974,1446.4876577070763,1577.86834887548,0.07875749349485658,24.44393269336259,10.966791003839823,13.477141689522766,12.929861601755348,30.470964600475405,0.4125340483849809
29,1665.3558981233243,1797.4839142091153,0.0825187073617081,17.490798257372653,6.416628686327078,11.074169571045577,17.462527747989277,31.368764075067023,0.5630067147472859,1447.9814197236778,1579.9571224392569,0.07983243481006523,24.463827536922345,11.142910909957124,13.320916626965221,18.80439852310624,36.53033936795299,0.5018440260913798,1630.083176985616,1794.5709818636649,0.10180018987380478,17.120381801125706,6.247604752970607,10.872777048155099,16.97925334584115,30.70440827600584,0.5673737605632773,1489.513186338089,1636.7336792044964,0.0884671161920496,25.016205663640292,11.088473843493299,13.927731820146994,19.520675097276264,37.42881554979103,0.5056949397954686,0.0,0.0,0.0,0.0,0.0,0.0,0.0,0.0,0.0,0.0,0.0,0.0,0.0,0.0,0.0,0.0,0.0,0.0
30,1662.0113085621972,1803.8933764135702,0.08886448755777338,17.45560298869144,5.6028352180937,11.852767770597739,18.18655807754443,31.305697226709746,0.5912691824174652,1495.497180932855,1679.1809328549461,0.11345222634971831,25.095792055356227,10.964213223987699,14.131578831368529,19.597503229113272,37.558268563130014,0.509318964857193,1660.8267526188558,1864.5487510072521,0.125332657065937,17.443166398066076,5.686575342465753,11.756591055600323,17.8276911361805,31.28338933655654,0.5898596490720462,1566.938077634011,1813.9256007393715,0.1501065980739801,26.04605896487985,10.766862292051755,15.279196672828098,20.779139232902033,39.103876278496614,0.5187808693311313,1661.677966101695,1803.7376916868443,0.08887126808084142,17.452101694915253,5.579693301049233,11.87240839386602,18.204078046811944,31.299418079096046,0.5921730883515032,1494.3293996921498,1673.663930220626,0.11074779521146483,25.08027419189328,10.971616213442791,14.108657978450488,19.58786967675731,37.53301918932786,0.5094491341156229
