instance,num_r,num_d,day,centralized,approximate,dynamic,prt_appr,prt_dyn,empty,appr_remain_r,appr_remain_d,cen_remain_r,cen_remain_d,appr_fix,cen_fix
1,714,356,1,13234.37,12034.4777,13234.3702,90.93351402,100.0000015,0,714,356,714,356,0,0
1,714,356,2,13218.18,12042.5706,12882.0736,91.10611748,97.45724147,0,714,356,699,342,0,14
1,714,356,3,13124.7,12065.6133,12407.2457,91.93058356,94.53355658,0,714,356,673,320,0,36
1,714,356,4,13176.87,11988.3721,12410.6593,90.98042327,94.18518434,0,714,356,654,302,0,54
1,714,356,5,13148.7,12138.1167,12543.1255,92.31419608,95.39441542,0,714,356,633,285,0,71
1,714,356,6,13145.77,12099.0805,12463.3043,92.03782281,94.8084768,0,714,356,619,274,0,82
1,714,356,7,13158.87,12013.047,12140.0577,91.29239061,92.25760039,0,714,356,598,257,0,99
1,714,356,8,13160.46,12003.5428,12414.7833,91.20914315,94.33396173,1,714,356,588,247,0,109
1,714,356,9,13212.11,12032.0548,12455.7566,91.06838196,94.27530198,0,714,356,583,243,0,113
1,714,356,10,13188.29,12184.8602,12239.6851,92.39150944,92.80721837,0,714,356,573,235,0,121
1,714,356,11,13128.49,12052.4276,12198.7445,91.80360879,92.91810787,1,714,356,562,225,0,131
1,714,356,12,13123.19,12042.2912,12308.486,91.76344471,93.7918753,0,714,356,557,220,0,136
1,714,356,13,13178.83,12045.6536,12210.6317,91.4015402,92.65338198,0,714,356,552,215,0,141
1,714,356,14,13225.45,12164.4622,12273.3441,91.97768091,92.80095649,0,714,356,544,208,0,148
1,714,356,15,13189.1,12195.506,12221.0869,92.46655193,92.66050678,0,714,356,542,206,0,150
1,714,356,16,13148.41,12011.9486,11952.4592,91.3566629,90.90421732,0,714,356,535,199,0,157
1,714,356,17,13166.22,12056.4008,12090.4326,91.57070746,91.8291856,0,714,356,528,192,0,164
1,714,356,18,13094.12,11966.989,11857.8936,91.39208286,90.55891958,0,714,356,523,187,0,169
1,714,356,19,13194.34,12065.4889,12027.3435,91.4444292,91.15532493,0,714,356,520,184,0,172
1,714,356,20,13173.58,12158.5706,11863.3912,92.2951134,90.05442105,0,714,356,516,180,0,176
1,714,356,21,13054.18,12028.5181,11835.7457,92.14303848,90.66632833,0,714,356,510,174,0,182
1,714,356,22,13141.61,11978.4981,11966.6678,91.1493957,91.059374,0,714,356,506,170,0,186
1,714,356,23,13125.03,11912.3267,11858.2637,90.76037693,90.3484693,1,712,355,506,170,1,186
1,714,356,24,13145.07,12070.6311,11863.7867,91.82629762,90.25274647,0,712,355,504,168,1,188
1,714,356,25,13207.12,12163.1243,11830.3151,92.09520546,89.57528288,0,712,355,502,166,1,190
1,714,356,26,13180.64,12102.672,11995.6238,91.82158074,91.00941836,0,712,355,500,164,1,192
1,714,356,27,13114.19,11985.3239,11668.5465,91.39202574,88.97649416,0,712,355,493,161,1,195
1,714,356,28,13202.46,12098.9852,11864.1911,91.64190007,89.86348832,0,712,355,492,160,1,196
1,714,356,29,13139.89,12096.0481,11539.6901,92.05593121,87.82181662,0,712,355,489,157,1,199
1,714,356,30,13113.24,11942.8071,11770.8188,91.07441868,89.76285647,1,711,354,486,154,2,202
2,852,283,1,5687.64,5068.7151,5687.6357,89.11807182,99.9999244,0,852,283,852,283,0,0
2,852,283,2,5836.8,5241.2504,5400.2486,89.796642,92.52070655,0,852,283,825,258,0,25
2,852,283,3,5693.68,5258.8505,5178.3706,92.36294453,90.94944921,0,852,283,804,239,0,44
2,852,283,4,5747.93,5168.1207,5149.7325,89.91272858,89.59281863,0,852,283,783,219,0,64
2,852,283,5,5850.86,5306.5842,4991.7046,90.69750772,85.31574162,0,852,283,764,200,0,83
2,852,283,6,5905.37,5345.6691,4994.5955,90.5221705,84.57718145,0,852,283,747,183,0,100
2,852,283,7,5884.79,5228.1215,4780.1491,88.84125857,81.22888157,0,852,283,731,168,0,115
2,852,283,8,5940.09,5361.3841,4733.7403,90.25762404,79.6913902,0,852,283,722,159,0,124
2,852,283,9,5832.77,5298.7146,4731.3781,90.84388035,81.11717246,0,852,283,714,151,0,132
2,852,283,10,5876.49,5217.8151,4429.8209,88.79135504,75.38208863,0,852,283,709,147,0,136
2,852,283,11,5888.09,5349.3888,4615.8443,90.85100262,78.39289651,0,852,283,706,144,0,139
2,852,283,12,5737.26,5160.1583,4506.8777,89.94116181,78.55453126,0,852,283,704,142,0,141
2,852,283,13,5871.55,5251.7435,4501.0783,89.44390323,76.65911557,0,852,283,701,139,0,144
2,852,283,14,5789.61,5189.2384,4544.4177,89.63018925,78.4926394,0,852,283,697,135,0,148
2,852,283,15,5799.12,5189.2838,4408.4042,89.48398723,76.01850281,0,852,283,691,129,0,154
2,852,283,16,5776.23,5224.8643,4475.1689,90.45457504,77.47560087,0,852,283,688,126,0,157
2,852,283,17,5738.54,5208.1431,4409.1654,90.75728495,76.83427143,0,852,283,684,122,0,161
2,852,283,18,5835.74,5252.2055,4381.3337,90.00067686,75.07760284,0,852,283,682,120,0,163
2,852,283,19,5783.42,5131.0032,4339.8253,88.71918692,75.03908241,0,852,283,677,115,0,168
2,852,283,20,5890.78,5300.7171,4323.5779,89.98328065,73.39567765,0,852,283,674,112,0,171
2,852,283,21,5927.52,5432.6056,4310.3363,91.6505655,72.71736409,0,852,283,673,111,0,172
2,852,283,22,5810.75,5237.2329,4427.9356,90.13006755,76.20247989,0,852,283,670,108,0,175
2,852,283,23,6047.03,5374.4949,4448.4408,88.87825759,73.56406037,0,852,283,669,107,0,176
2,852,283,24,5826.59,5206.467,4337.6963,89.35701671,74.44656823,0,852,283,669,107,0,176
2,852,283,25,5885.58,5379.1669,4513.2583,91.39569762,76.68332263,0,852,283,667,105,0,178
2,852,283,26,5741.14,5240.119,4322.8841,91.27314436,75.29661531,0,852,283,667,105,0,178
2,852,283,27,5919.92,5349.6167,4462.5606,90.36636813,75.38210989,0,852,283,667,105,0,178
2,852,283,28,5858.75,5371.1059,4495.092,91.67665287,76.72442074,0,852,283,667,105,0,178
2,852,283,29,5831.64,5236.713,4436.7866,89.79829002,76.08128417,0,852,283,666,104,0,179
2,852,283,30,5840.1,5190.1489,4384.322,88.87089091,75.07272136,0,852,283,665,103,0,180
3,810,405,1,13596.63,12526.966,13596.9798,92.1328741,100.0025727,0,810,405,810,405,0,0
3,810,405,2,13684.31,12416.9407,13341.6822,90.73852244,97.49619966,0,810,405,789,385,0,20
3,810,405,3,13524.1,12385.0037,12406.393,91.57728573,91.73544265,0,810,405,747,349,0,56
3,810,405,4,13666.82,12583.2533,12748.235,92.07155212,93.27872175,0,810,405,717,324,0,81
3,810,405,5,13672.38,12684.0424,12238.5674,92.77128342,89.51307234,0,810,405,686,296,0,109
3,810,405,6,13645.04,12596.3864,11850.6982,92.31476346,86.84986046,0,810,405,661,272,0,133
3,810,405,7,13706.35,12598.9145,11993.5233,91.92027418,87.50340754,0,810,405,639,251,0,154
3,810,405,8,13686.69,12515.8262,11920.167,91.44523767,87.09313209,0,810,405,617,230,0,175
3,810,405,9,13673.39,12650.6675,11445.4839,92.52034426,83.70626377,0,810,405,597,212,0,193
3,810,405,10,13700.55,12538.7513,11665.2343,91.52005795,85.14427742,0,810,405,585,202,0,203
3,810,405,11,13665.52,12603.4441,11307.2501,92.22806084,82.74291867,0,810,405,574,192,0,213
3,810,405,12,13783.28,12681.1704,11057.8264,92.00401066,80.22637863,0,810,405,560,179,0,226
3,810,405,13,13817.49,12539.3487,11121.2571,90.74983011,80.48681128,0,810,405,548,167,0,238
3,810,405,14,13601.58,12368.8729,11337.4587,90.93703011,83.35398314,0,810,405,543,162,0,243
3,810,405,15,13728.59,12671.5534,10987.7058,92.30047223,80.03520973,0,810,405,538,158,0,247
3,810,405,16,13632.03,12613.6378,10878.0629,92.52941638,79.79782101,0,810,405,528,151,0,254
3,810,405,17,13710.77,12544.026,10959.5642,91.49031017,79.93398037,0,810,405,524,147,0,258
3,810,405,18,13613.59,12422.2537,10631.8356,91.24891891,78.09722197,0,810,405,521,144,0,261
3,810,405,19,13490.27,12509.4884,10669.8994,92.72971112,79.09329761,0,810,405,520,143,0,262
3,810,405,20,13862.49,12582.5946,10764.3003,90.76720416,77.65055412,0,810,405,518,141,0,264
3,810,405,21,13592.54,12471.1961,10543.8764,91.75029906,77.57105295,0,810,405,517,140,0,265
3,810,405,22,13760.06,12708.4824,10823.3875,92.35775425,78.6579964,0,810,405,515,138,0,267
3,810,405,23,13636.05,12512.9509,10578.0422,91.7637505,77.57409367,0,810,405,515,138,0,267
3,810,405,24,13724.57,12671.6102,10440.9957,92.32792138,76.07521183,0,810,405,513,136,0,269
3,810,405,25,13816.28,12671.7741,10570.9119,91.71625141,76.5105506,0,810,405,513,136,0,269
3,810,405,26,13633.67,12388.9147,10490.8773,90.86999099,76.94830005,0,810,405,511,134,0,271
3,810,405,27,13629.24,12400.9048,10297.3364,90.9875004,75.55326929,0,810,405,510,133,0,272
3,810,405,28,13489.69,12291.4658,10102.3243,91.11748157,74.88922503,0,810,405,509,132,0,273
3,810,405,29,13663.7,12469.2952,10380.7596,91.25855515,75.97326932,0,810,405,508,131,0,274
3,810,405,30,13751.99,12679.9355,10535.1051,92.20436824,76.60785894,0,810,405,508,131,0,274
4,1089,362,1,15295.9,13728.465,15295.9018,89.75258076,100.0000118,1,1089,362,1089,362,0,0
4,1089,362,2,14946.38,13546.2596,14431.7552,90.63237787,96.55685992,0,1089,362,1053,329,0,33
4,1089,362,3,15086.47,13900.179,13709.319,92.13672251,90.87161543,0,1089,362,1003,287,0,75
4,1089,362,4,15063.84,13722.5024,13531.1614,91.09564626,89.82544557,0,1089,362,964,256,0,106
4,1089,362,5,15066.69,13706.9457,13325.5293,90.97516243,88.44364157,0,1089,362,920,215,0,147
4,1089,362,6,15018.92,13688.7063,12993.0037,91.14308019,86.51090558,0,1089,362,888,186,0,176
4,1089,362,7,14994.04,13634.2266,12203.7271,90.93097391,81.39051983,0,1089,362,852,157,0,205
4,1089,362,8,15066.53,13694.7102,12641.5822,90.89491874,83.90506772,0,1089,362,832,138,0,224
4,1089,362,9,14952.98,13526.322,12128.3074,90.45903893,81.10963433,0,1089,362,818,125,0,237
4,1089,362,10,15041.61,13710.8516,12310.227,91.15281941,81.84115264,0,1089,362,803,113,0,249
4,1089,362,11,15092.49,13769.2884,12196.6608,91.23271508,80.8127804,0,1089,362,792,103,0,259
4,1089,362,12,15133.09,13934.8857,12096.8129,92.08222313,79.93617232,1,1088,361,783,94,1,268
4,1089,362,13,15009.11,13627.7827,11873.5778,90.79674078,79.10913972,0,1088,361,771,84,1,278
4,1089,362,14,15002.35,13654.5128,11931.4342,91.01582619,79.5304349,0,1088,361,758,74,1,288
4,1089,362,15,15039.08,13765.8931,11549.2671,91.53414371,76.79503733,0,1088,361,753,70,1,292
4,1089,362,16,15082.8,13670.4901,11651.0047,90.63628835,77.24696144,0,1088,361,752,69,1,293
4,1089,362,17,15047.56,13626.2704,11629.5638,90.55468395,77.28537916,0,1088,361,751,68,1,294
4,1089,362,18,15036.56,13624.0971,11953.9487,90.60647582,79.49922522,0,1088,361,748,66,1,296
4,1089,362,19,15053.58,13856.3239,11556.9254,92.04670185,76.77193996,0,1088,361,747,65,1,297
4,1089,362,20,14951.31,13562.0157,11543.2897,90.70787576,77.20587494,0,1088,361,745,63,1,299
4,1089,362,21,15075.52,13638.7011,11804.6452,90.46919178,78.30340313,0,1088,361,743,61,1,301
4,1089,362,22,15184.28,13670.6331,11694.8695,90.03148717,77.01958539,1,1084,359,737,56,3,306
4,1089,362,23,15140.07,13659.6929,11731.9994,90.22212513,77.48973023,0,1084,359,734,54,3,308
4,1089,362,24,14935.31,13504.2577,11581.6068,90.41832878,77.54513833,0,1084,359,733,53,3,309
4,1089,362,25,15029.19,13693.0859,11688.4585,91.10993939,77.77171291,0,1084,359,733,53,3,309
4,1089,362,26,15039.48,13426.4641,11426.7169,89.27478942,75.97813821,0,1084,359,732,52,3,310
4,1089,362,27,15059.22,13663.4007,11528.1224,90.73113149,76.55192234,0,1084,359,732,52,3,310
4,1089,362,28,15016.88,13683.1129,11432.3283,91.1182143,76.12985054,0,1084,359,732,52,3,310
4,1089,362,29,15124.28,13622.8267,11443.4035,90.07256345,75.6624679,0,1084,359,732,52,3,310
4,1089,362,30,15053.44,13584.2186,11531.3465,90.23996243,76.60273333,0,1084,359,732,52,3,310
5,1093,546,1,21287.84,19814.0175,21287.8355,93.07669308,99.99997886,0,1093,546,1093,546,0,0
5,1093,546,2,21521.09,19973.3254,20656.5241,92.80814959,95.98270394,1,1093,546,1062,518,0,28
5,1093,546,3,21256.26,19635.0815,19501.518,92.37317148,91.74482247,0,1093,546,993,468,0,78
5,1093,546,4,21232.77,19615.1781,19350.7612,92.38162567,91.1363011,0,1093,546,950,433,0,113
5,1093,546,5,21246.42,19618.0072,19423.7523,92.33558971,91.42129498,1,1091,545,919,407,1,139
5,1093,546,6,21321.56,19485.7422,19164.8143,91.38985234,89.88467213,1,1087,543,880,373,3,173
5,1093,546,7,21364.28,19877.6565,19220.1983,93.04154645,89.96417525,0,1087,543,848,345,3,201
5,1093,546,8,21218.79,19531.2192,18253.65,92.04680946,86.02587612,0,1087,543,804,305,3,241
5,1093,546,9,21347.25,19825.6961,18092.0992,92.87236576,84.75142794,0,1087,543,774,279,3,267
5,1093,546,10,21351,19562.1813,18031.005,91.6218505,84.45040045,0,1087,543,754,260,3,286
5,1093,546,11,21385.65,19651.089,18057.0353,91.88913594,84.43528862,0,1087,543,723,231,3,315
5,1093,546,12,21333.32,19744.0294,17656.8243,92.55019566,82.76641564,0,1087,543,703,213,3,333
5,1093,546,13,21308.54,19568.3814,17489.2143,91.83351558,82.07607983,0,1087,543,688,199,3,347
5,1093,546,14,21331.59,19743.2075,17319.8113,92.55384854,81.19325048,0,1087,543,675,187,3,359
5,1093,546,15,21392.62,19749.3035,17106.682,92.31830183,79.96534319,0,1087,543,670,182,3,364
5,1093,546,16,21283.22,19650.6879,17125.3053,92.32948727,80.46388328,0,1087,543,661,173,3,373
5,1093,546,17,21330.52,19811.213,16768.7698,92.87730913,78.61397566,0,1087,543,647,160,3,386
5,1093,546,18,21203.44,19724.7639,16414.7015,93.02624433,77.41527554,0,1087,543,639,152,3,394
5,1093,546,19,21320.48,19673.0309,16559.9828,92.27292678,77.67171658,0,1087,543,628,143,3,403
5,1093,546,20,21353.25,19524.1724,16017.9772,91.43419573,75.0142353,0,1087,543,614,132,3,414
5,1093,546,21,21410.14,19428.1047,16573.5083,90.74253928,77.40962133,1,1081,540,610,128,6,418
5,1093,546,22,21350.86,19653.0437,16474.5372,92.04801914,77.16100054,0,1081,540,605,123,6,423
5,1093,546,23,21356.83,19666.7217,16613.866,92.08633351,77.79181648,0,1081,540,602,120,6,426
5,1093,546,24,21439.08,19611.8199,16627.5959,91.4769659,77.55741338,1,1079,539,601,119,7,427
5,1093,546,25,21373.72,19686.2896,16447.5058,92.105116,76.95200368,0,1079,539,600,118,7,428
5,1093,546,26,21257.35,19664.9147,16272.8076,92.50877791,76.55144033,0,1079,539,598,116,7,430
5,1093,546,27,21263.89,19782.9647,15945.4095,93.03549209,74.98820536,0,1079,539,595,113,7,433
5,1093,546,28,21298.56,19691.2539,16311.8408,92.45345178,76.58658989,0,1079,539,594,112,7,434
5,1093,546,29,21366.56,19933.3739,16172.7473,93.29238726,75.69186289,0,1079,539,592,110,7,436
5,1093,546,30,21464.5,19707.7401,16005.425,91.8155098,74.5669594,0,1079,539,591,109,7,437
6,1337,445,1,20747.19,18713.4998,20746.4287,90.19775594,99.99633059,0,1337,445,1337,445,0,0
6,1337,445,2,20772.75,18718.6716,19432.1223,90.11166841,93.54621945,0,1337,445,1286,409,0,36
6,1337,445,3,20766.36,18864.2723,18875.6191,90.84053392,90.89517421,0,1337,445,1231,371,0,74
6,1337,445,4,20786.62,18788.883,19032.679,90.38931293,91.56216355,0,1337,445,1188,336,0,109
6,1337,445,5,20682.84,18739.5025,19195.7887,90.60410708,92.81021707,0,1337,445,1153,306,0,139
6,1337,445,6,20624.54,18742.5236,19049.5365,90.87486848,92.36344908,0,1337,445,1125,281,0,164
6,1337,445,7,20749.6,18692.3782,18589.2455,90.08548695,89.58845231,0,1337,445,1093,255,0,190
6,1337,445,8,20760.82,18581.84,18335.6199,89.50436447,88.31838001,0,1337,445,1072,237,0,208
6,1337,445,9,20623.7,18743.6059,18356.9057,90.88381765,89.0087894,0,1337,445,1051,219,0,226
6,1337,445,10,20779.22,18629.5103,18469.3721,89.65452168,88.88385656,0,1337,445,1039,210,0,235
6,1337,445,11,20745.37,18468.5397,18484.444,89.02487495,89.10153928,1,1331,442,1019,194,3,251
6,1337,445,12,20639.9,18499.9575,18244.3338,89.6320113,88.39351838,0,1331,442,1005,183,3,262
6,1337,445,13,20838.28,18733.3586,18411.0028,89.89877571,88.35183518,0,1331,442,993,172,3,273
6,1337,445,14,20678.84,18348.8497,17900.4218,88.73249031,86.56395523,0,1331,442,978,158,3,287
6,1337,445,15,20578.68,18362.8141,17785.7264,89.23222529,86.42792638,0,1331,442,965,147,3,298
6,1337,445,16,20753.13,18385.8213,17828.7556,88.59300404,85.90875497,0,1331,442,961,143,3,302
6,1337,445,17,20801.46,18679.6153,17793.973,89.79953955,85.54194273,0,1331,442,958,140,3,305
6,1337,445,18,20704.93,18614.0456,17623.1005,89.90151428,85.11547974,0,1331,442,956,138,3,307
6,1337,445,19,20685.62,18557.6027,17658.2333,89.71257666,85.36477659,0,1331,442,954,136,3,309
6,1337,445,20,20813.59,18796.846,17514.0884,90.3104462,84.1473691,0,1331,442,949,133,3,312
6,1337,445,21,20773.63,18633.1217,17913.7449,89.69603146,86.23309889,0,1331,442,946,130,3,315
6,1337,445,22,20706.77,18556.9368,17613.3686,89.61772792,85.06091776,0,1331,442,945,129,3,316
6,1337,445,23,20782.05,18518.2727,17773.9418,89.10705489,85.52545009,0,1331,442,945,129,3,316
6,1337,445,24,20689.46,18600.9758,17710.8919,89.90556448,85.60345171,0,1331,442,945,129,3,316
6,1337,445,25,20700.74,18666.6953,17739.1179,90.17404837,85.69315831,0,1331,442,943,127,3,318
6,1337,445,26,20718.08,18694.7321,17555.3139,90.23390247,84.73427026,0,1331,442,940,125,3,320
6,1337,445,27,20610.15,18605.235,17297.2353,90.27219598,83.92580986,0,1331,442,937,122,3,323
6,1337,445,28,20862.45,18758.1122,17566.014,89.91327577,84.19919041,0,1331,442,936,121,3,324
6,1337,445,29,20693.88,18531.3779,17541.014,89.5500404,84.76425881,0,1331,442,936,121,3,324
6,1337,445,30,20590.46,18265.3641,17475.1016,88.70789725,84.86989412,0,1331,442,935,120,3,325
7,1219,609,1,15480.71,14309.367,15480.71,92.4335318,100,0,1219,609,1219,609,0,0
7,1219,609,2,15521.46,14297.3224,14925.7199,92.11325739,96.16182949,0,1219,609,1179,578,0,31
7,1219,609,3,15523.49,14316.7007,14265.8988,92.22604389,91.89878565,0,1219,609,1126,538,0,71
7,1219,609,4,15584.57,14425.8613,14071.7865,92.56502618,90.29306872,0,1219,609,1073,497,0,112
7,1219,609,5,15465.24,14222.2877,13768.0438,91.96292912,89.02573643,0,1219,609,1018,452,0,157
7,1219,609,6,15582.35,14328.9929,13797.6151,91.95655918,88.54643298,0,1219,609,980,418,0,191
7,1219,609,7,15424.15,14192.6157,13164.5318,92.0155451,85.35012821,0,1219,609,937,382,0,227
7,1219,609,8,15450.92,14255.8459,12837.2943,92.26535313,83.08433608,0,1219,609,901,352,0,257
7,1219,609,9,15415.7,14155.6926,13049.4146,91.82646652,84.65015925,0,1219,609,870,322,0,287
7,1219,609,10,15504.12,14365.3262,12757.6416,92.6548956,82.28549315,0,1219,609,843,299,0,310
7,1219,609,11,15398.14,14232.4979,12400.2433,92.42998115,80.53078684,0,1219,609,819,276,0,333
7,1219,609,12,15472.32,14278.7156,12442.6016,92.28554994,80.41846084,0,1219,609,795,255,0,354
7,1219,609,13,15397.37,14177.9995,12272.6991,92.08065728,79.70646351,0,1219,609,775,238,0,371
7,1219,609,14,15513.23,14369.131,12358.2063,92.62501104,79.66236754,0,1219,609,764,229,0,380
7,1219,609,15,15592.01,14408.7921,12391.4061,92.41138314,79.47279472,0,1219,609,752,217,0,392
7,1219,609,16,15418.68,14283.3388,11841.7584,92.63658627,76.80137599,0,1219,609,742,207,0,402
7,1219,609,17,15354.91,14156.101,11790.5301,92.19266671,76.78670927,0,1219,609,732,198,0,411
7,1219,609,18,15607.1,14386.2815,12282.0676,92.17780049,78.69538607,0,1219,609,722,189,0,420
7,1219,609,19,15548.79,14447.9941,11992.6081,92.9203758,77.12888334,0,1219,609,717,184,0,425
7,1219,609,20,15529.99,14371.1603,12059.7268,92.5381169,77.65444022,0,1219,609,709,176,0,433
7,1219,609,21,15522.81,14328.7449,11843.2348,92.30767432,76.29568873,0,1219,609,703,170,0,439
7,1219,609,22,15463.56,14353.0331,11815.7316,92.81842668,76.41016428,0,1219,609,697,164,0,445
7,1219,609,23,15475.7,14253.4293,11861.4505,92.10200056,76.64564769,0,1219,609,694,161,0,448
7,1219,609,24,15299.78,14196.4845,11537.777,92.78881461,75.41139154,0,1219,609,687,155,0,454
7,1219,609,25,15468.34,14199.4791,11956.51,91.79704545,77.29665885,0,1219,609,685,154,0,455
7,1219,609,26,15445.42,14242.386,11978.3575,92.21106321,77.55281177,0,1219,609,685,154,0,455
7,1219,609,27,15389.84,14301.0512,11661.471,92.92527538,75.77382871,0,1219,609,679,148,0,461
7,1219,609,28,15372.23,14244.5279,11666.9445,92.66403053,75.89623952,0,1219,609,675,144,0,465
7,1219,609,29,15399.22,14240.4593,11759.9455,92.47519874,76.36715041,0,1219,609,673,143,0,466
7,1219,609,30,15540.57,14448.0752,11815.8933,92.97004679,76.03256058,0,1219,609,673,143,0,466
8,1300,650,1,16330.31,15037.5067,16330.3083,92.08341238,99.99998959,1,1300,650,1300,650,0,0
8,1300,650,2,16341.6,15021.4064,15538.2742,91.92127087,95.08416679,0,1300,650,1255,614,0,36
8,1300,650,3,16186.3,14935.2124,14812.8906,92.27070053,91.5149886,1,1298,649,1182,552,1,98
8,1300,650,4,16157.07,14892.4832,14919.6343,92.17316754,92.34121224,0,1298,649,1124,506,1,144
8,1300,650,5,16196.04,14811.4293,14525.623,91.4509306,89.68626281,0,1298,649,1072,463,1,187
8,1300,650,6,16351.88,14922.8218,14570.7005,91.26058777,89.10718829,0,1298,649,1031,426,1,224
8,1300,650,7,16386.21,15176.3911,14194.6291,92.61684734,86.62545579,0,1298,649,1001,401,1,249
8,1300,650,8,16180.34,14863.5185,13930.6145,91.86159562,86.09593185,0,1298,649,973,377,1,273
8,1300,650,9,16008.22,14814.1635,13977.397,92.54097895,87.31387375,0,1298,649,957,363,1,287
8,1300,650,10,16199.9,14980.3677,13807.3423,92.47197637,85.23103414,0,1298,649,947,354,1,296
8,1300,650,11,16346.97,15114.5202,13731.6765,92.46068354,84.00135621,0,1298,649,926,336,1,314
8,1300,650,12,16214.23,14797.3359,13540.8097,91.26141605,83.51188863,0,1298,649,907,320,1,330
8,1300,650,13,16229.04,14922.1939,13457.5602,91.94748365,82.92271262,0,1298,649,892,308,1,342
8,1300,650,14,16295.85,15058.7715,13388.0502,92.40862858,82.15619437,0,1298,649,883,299,1,351
8,1300,650,15,16155.13,14896.7985,13547.3123,92.21094785,83.85764955,0,1298,649,865,284,1,366
8,1300,650,16,16340.41,15052.9486,13320.1466,92.12099696,81.51659964,0,1298,649,848,269,1,381
8,1300,650,17,16174.23,14857.3958,13401.4546,91.85844272,82.85683213,0,1298,649,840,261,1,389
8,1300,650,18,16230.13,14804.928,13024.9541,91.21878876,80.25169299,0,1298,649,828,250,1,400
8,1300,650,19,16200.16,14817.3535,12750.7188,91.46424171,78.70736338,0,1298,649,816,238,1,412
8,1300,650,20,16188.36,15009.8929,13115.0832,92.72028112,81.01551485,0,1298,649,812,234,1,416
8,1300,650,21,16255.13,14941.8954,12625.1977,91.92110675,77.6690048,0,1298,649,804,226,1,424
8,1300,650,22,16226.08,14972.332,12712.6128,92.27325392,78.34678986,0,1298,649,798,220,1,430
8,1300,650,23,16150.49,14871.0836,12829.657,92.0782193,79.43819042,0,1298,649,790,213,1,437
8,1300,650,24,16178.52,14845.4542,12611.3186,91.7602735,77.95100293,0,1298,649,785,208,1,442
8,1300,650,25,16320.1,14979.3298,12503.687,91.78454666,76.61525971,0,1298,649,776,201,1,449
8,1300,650,26,16220.23,14888.2958,12777.3578,91.78843827,78.7742085,0,1298,649,771,197,1,453
8,1300,650,27,16367.21,14900.4948,12753.5838,91.03869749,77.92155047,0,1298,649,769,195,1,455
8,1300,650,28,16182.51,14815.6284,12267.3905,91.55333999,75.80647563,0,1298,649,766,192,1,458
8,1300,650,29,16185.23,14934.2658,12588.9695,92.27095197,77.78060306,0,1298,649,763,189,1,461
8,1300,650,30,16043.96,14557.5662,12343.9705,90.73549298,76.9384273,0,1298,649,762,188,1,462
9,1633,544,1,23752.33,21784.4342,23752.3317,91.71493576,100.0000072,1,1633,544,1633,544,0,0
9,1633,544,2,23774.45,21782.1722,22554.8861,91.62008879,94.87027502,0,1633,544,1586,509,0,35
9,1633,544,3,23817.29,21639.3959,22082.2132,90.85582743,92.71505364,1,1630,542,1513,454,2,90
9,1633,544,4,23694.9,21836.721,22019.4122,92.15789474,92.9289096,0,1630,542,1460,410,2,134
9,1633,544,5,23737.64,21694.0771,21757.182,91.39104435,91.65688754,0,1630,542,1424,382,2,162
9,1633,544,6,23740.61,21770.471,21784.0369,91.70139689,91.75853906,0,1630,542,1381,345,2,199
9,1633,544,7,23838.57,21834.893,21334.8071,91.59481043,89.49700884,0,1630,542,1334,308,2,236
9,1633,544,8,23669.07,21725.9743,21034.5143,91.79057014,88.86920483,0,1630,542,1309,285,2,259
9,1633,544,9,23707.66,21729.5718,21259.2032,91.65633302,89.67229663,0,1630,542,1289,266,2,278
9,1633,544,10,23708.13,21663.5185,20933.1483,91.37590565,88.29523164,0,1630,542,1265,244,2,300
9,1633,544,11,23974.33,21899.1186,20718.6515,91.34402755,86.42014813,0,1630,542,1248,228,2,316
9,1633,544,12,23649.18,21739.7502,20750.2515,91.92602111,87.74194919,0,1630,542,1227,211,2,333
9,1633,544,13,23826.39,21949.196,20755.6249,92.12136627,87.11191624,0,1630,542,1212,198,2,346
9,1633,544,14,23833.89,21891.5509,20796.0477,91.8505158,87.25410623,0,1630,542,1198,186,2,358
9,1633,544,15,23583.37,21591.4754,20235.9933,91.55381695,85.80619861,0,1630,542,1188,177,2,367
9,1633,544,16,23731.3,21768.2004,20632.33,91.72780421,86.94142335,0,1630,542,1180,169,2,375
9,1633,544,17,23765.06,21882.7565,20701.2265,92.07953399,87.10782342,0,1630,542,1169,161,2,383
9,1633,544,18,23874.23,21898.2153,20744.2593,91.7232317,86.88975226,0,1630,542,1160,154,2,390
9,1633,544,19,23688.79,21654.2187,20149.0817,91.41124853,85.05745418,0,1630,542,1152,148,2,396
9,1633,544,20,23661.54,21759.4035,20276.1183,91.96106213,85.69230194,0,1630,542,1146,143,2,401
9,1633,544,21,23830.66,21707.6335,20144.874,91.09119722,84.53342878,0,1630,542,1135,135,2,409
9,1633,544,22,23840.27,21956.3956,20051.6126,92.09793178,84.10816069,0,1630,542,1129,129,2,415
9,1633,544,23,23776.91,21894.4796,20180.8437,92.0829477,84.87580472,0,1630,542,1124,125,2,419
9,1633,544,24,23527.19,21648.8306,20166.1373,92.01621868,85.71417709,0,1630,542,1120,122,2,422
9,1633,544,25,23770.78,21716.271,19865.5468,91.35699796,83.5712871,0,1630,542,1114,118,2,426
9,1633,544,26,23831.57,22008.4671,20099.8416,92.35005121,84.34123979,0,1630,542,1107,111,2,433
9,1633,544,27,23771.17,21556.8135,19605.6543,90.68469705,82.47660633,0,1630,542,1105,109,2,435
9,1633,544,28,23813.2,21747.8784,19803.6236,91.32698839,83.16237885,0,1630,542,1101,105,2,439
9,1633,544,29,23845.25,21889.513,19932.8973,91.79821138,83.59273776,0,1630,542,1100,104,2,440
9,1633,544,30,23782.63,21791.3893,19728.1715,91.6273318,82.95201792,0,1630,542,1099,103,2,441
10,1486,742,1,18938.75,17348.5227,18938.7516,91.60331437,100.0000084,0,1486,742,1486,742,0,0
10,1486,742,2,18840.58,17331.6759,18252.5666,91.99120144,96.87900585,0,1486,742,1446,713,0,29
10,1486,742,3,18976.93,17429.5038,18037.2395,91.8457506,95.04824806,0,1486,742,1399,674,0,68
10,1486,742,4,18883.86,17268.8983,17764.6758,91.4479259,94.07332929,0,1486,742,1348,634,0,108
10,1486,742,5,18866.95,17355.1992,17616.6318,91.9873069,93.37297125,0,1486,742,1292,591,0,151
10,1486,742,6,18935.93,17339.974,17301.4886,91.57181084,91.36857075,0,1486,742,1251,559,0,183
10,1486,742,7,18909.66,17324.3437,17628.4811,91.61636804,93.22473857,0,1486,742,1233,545,0,197
10,1486,742,8,18898.94,17339.6263,17385.6536,91.74920022,91.99274457,0,1486,742,1200,517,0,225
10,1486,742,9,18987.94,17392.1667,17034.9897,91.59585874,89.71478581,0,1486,742,1174,493,0,249
10,1486,742,10,18882.78,17330.0945,17029.3962,91.77724096,90.18479376,0,1486,742,1153,476,0,266
10,1486,742,11,18995.42,17472.9848,16953.8954,91.98525118,89.25254298,0,1486,742,1140,465,0,277
10,1486,742,12,18914.88,17478.1872,17099.1461,92.4044308,90.40050003,0,1486,742,1123,451,0,291
10,1486,742,13,18992.55,17469.964,16809.6328,91.98324606,88.50645543,0,1486,742,1104,437,0,305
10,1486,742,14,18809,17373.9529,16864.0635,92.3704232,89.6595433,0,1486,742,1091,424,0,318
10,1486,742,15,18853.28,17354.1313,16391.7705,92.04834013,86.943866,0,1486,742,1071,407,0,335
10,1486,742,16,18872.45,17413.622,16527.8545,92.27006562,87.5766236,0,1486,742,1055,395,0,347
10,1486,742,17,18869.68,17308.08,16433.9398,91.72428997,87.09177792,0,1486,742,1047,388,0,354
10,1486,742,18,19009.15,17420.8735,16643.3799,91.64467375,87.55457188,0,1486,742,1044,385,0,357
10,1486,742,19,19042.68,17471.3276,16513.5419,91.74826022,86.7185811,0,1486,742,1035,377,0,365
10,1486,742,20,18791.43,17375.7848,16052.021,92.4665382,85.42203015,0,1486,742,1031,374,0,368
10,1486,742,21,19038.6,17559.0966,16456.1197,92.22892755,86.43555566,0,1486,742,1027,371,0,371
10,1486,742,22,19015.8,17555.4498,16348.1225,92.32033257,85.97125811,0,1486,742,1023,367,0,375
10,1486,742,23,18836.97,17230.6202,16315.5829,91.47235569,86.61468856,0,1486,742,1018,362,0,380
10,1486,742,24,19008.67,17298.1587,16127.9462,91.00141514,84.84521116,0,1486,742,1014,358,0,384
10,1486,742,25,18985.67,17367.2298,16401.9331,91.47546439,86.39112078,0,1486,742,1014,358,0,384
10,1486,742,26,18984.79,17489.4328,16332.9286,92.12339352,86.03165271,0,1486,742,1014,358,0,384
10,1486,742,27,18892.98,17294.1525,16391.9712,91.53745201,86.76223232,0,1486,742,1014,358,0,384
10,1486,742,28,18930.65,17470.4774,16177.6531,92.28672761,85.45746237,0,1486,742,1013,357,0,385
10,1486,742,29,18935.61,17225.2693,16255.8721,90.9675965,85.84815646,0,1486,742,1011,355,0,387
10,1486,742,30,18977.58,17417.6658,16061.34,91.78022593,84.63323564,0,1486,742,1006,352,0,390
11,1779,592,1,29651.57,26930.2618,29651.5701,90.82238074,100.0000003,1,1779,592,1779,592,0,0
11,1779,592,2,29573.82,26802.7694,27601.6285,90.63005523,93.33129268,1,1776,590,1706,543,2,49
11,1779,592,3,29601.05,26883.8493,27011.6236,90.82059353,91.25224815,1,1775,589,1632,493,3,99
11,1779,592,4,29611.36,26856.6537,26526.1663,90.69713009,89.58104694,0,1775,589,1555,440,3,152
11,1779,592,5,29642.89,26943.6793,26843.0592,90.89423906,90.55479813,0,1775,589,1492,388,3,204
11,1779,592,6,29619.67,27008.7325,26571.7958,91.18512293,89.70996571,0,1775,589,1433,340,3,252
11,1779,592,7,29715.02,26793.7394,26450.1972,90.16901015,89.01288709,0,1775,589,1395,309,3,283
11,1779,592,8,29742.99,27078.067,26404.6497,91.04016442,88.77604336,0,1775,589,1365,287,3,305
11,1779,592,9,29558.25,26719.0134,26028.566,90.39443607,88.0585488,0,1775,589,1343,269,3,323
11,1779,592,10,29766.39,26874.4145,25939.4161,90.2844265,87.14330525,0,1775,589,1311,246,3,346
11,1779,592,11,29614.85,26941.5339,26043.5731,90.97305541,87.94092525,0,1775,589,1288,226,3,366
11,1779,592,12,29760.08,27036.7159,25862.1268,90.84893555,86.90207419,0,1775,589,1269,210,3,382
11,1779,592,13,29572.22,26569.8059,25716.8162,89.84718056,86.96275153,0,1775,589,1250,196,3,396
11,1779,592,14,29598.51,27274.8568,25290.3381,92.14942509,85.44463252,0,1775,589,1238,187,3,405
11,1779,592,15,29590.27,26880.6439,25459.9227,90.84284767,86.04153561,0,1775,589,1226,178,3,414
11,1779,592,16,29617.5,26732.7709,25045.3246,90.260052,84.56258833,0,1775,589,1218,172,3,420
11,1779,592,17,29510.58,26770.9856,25256.0723,90.71656877,85.58311053,0,1775,589,1212,167,3,425
11,1779,592,18,29511.13,26808.6542,25107.0659,90.84252009,85.07659957,0,1775,589,1203,160,3,432
11,1779,592,19,29523.53,26754.4704,24978.2121,90.62083836,84.60442264,0,1775,589,1196,154,3,438
11,1779,592,20,29689.1,26985.286,25056.107,90.89290682,84.39496987,0,1775,589,1190,148,3,444
11,1779,592,21,29653.29,27050.4536,24754.1977,91.22243636,83.47875632,0,1775,589,1188,146,3,446
11,1779,592,22,29794.87,26738.445,24918.7496,89.74177434,83.63436256,0,1775,589,1184,143,3,449
11,1779,592,23,29605.55,26918.2129,24737.7273,90.92286041,83.55773597,0,1775,589,1179,139,3,453
11,1779,592,24,29566.77,26800.3491,24883.8367,90.64347949,84.16149853,0,1775,589,1175,135,3,457
11,1779,592,25,29648.76,26885.1181,25081.9194,90.67872687,84.59685801,0,1775,589,1168,130,3,462
11,1779,592,26,29709.11,26974.6782,25135.0977,90.79598211,84.60400766,0,1775,589,1160,123,3,469
11,1779,592,27,29630.05,26870.2652,24935.8206,90.68585844,84.15720054,0,1775,589,1158,122,3,470
11,1779,592,28,29783.97,26898.5318,24989.6329,90.31211017,83.90296156,0,1775,589,1158,122,3,470
11,1779,592,29,29609.9,26659.3824,24304.6049,90.0353679,82.08269835,0,1775,589,1158,122,3,470
11,1779,592,30,29585.49,26834.5356,24772.249,90.70167707,83.7310756,0,1775,589,1156,120,3,472
12,1610,805,1,19207.05,17788.3336,19207.0548,92.61356429,100.000025,0,1610,805,1610,805,0,0
12,1610,805,2,19023.67,17552.4544,18195.6215,92.26639444,95.64727258,0,1610,805,1560,766,0,39
12,1610,805,3,18869.86,17490.0371,17702.7564,92.68768873,93.81498538,0,1610,805,1499,719,0,86
12,1610,805,4,19113.55,17729.6559,17182.13,92.75961765,89.89502212,0,1610,805,1447,673,0,132
12,1610,805,5,19038.18,17575.4526,17026.3713,92.31687378,89.43276773,0,1610,805,1389,624,0,181
12,1610,805,6,19130.26,17827.1759,16914.5733,93.18836179,88.41789552,0,1610,805,1336,579,0,226
12,1610,805,7,19017.06,17569.6973,16576.2474,92.38913533,87.16514225,0,1610,805,1306,550,0,255
12,1610,805,8,19165.67,17654.6617,16237.7418,92.11606847,84.72305847,0,1610,805,1264,512,0,293
12,1610,805,9,18932.95,17437.9224,15725.7761,92.10356759,83.06035826,0,1610,805,1224,475,0,330
12,1610,805,10,19034.15,17671.729,15814.4077,92.84222831,83.08439148,0,1610,805,1200,453,0,352
12,1610,805,11,19009.75,17641.829,15615.915,92.80410842,82.146872,0,1610,805,1177,430,0,375
12,1610,805,12,19065.32,17657.3431,15125.8596,92.61498417,79.33703499,0,1610,805,1153,409,0,396
12,1610,805,13,18945.09,17491.9908,15269.5156,92.32994301,80.59880212,0,1610,805,1129,387,0,418
12,1610,805,14,19027.74,17498.9115,14686.355,91.96526492,77.18391674,0,1610,805,1105,365,0,440
12,1610,805,15,19161.26,17856.7527,14763.3144,93.1919545,77.04772233,0,1610,805,1093,353,0,452
12,1610,805,16,18976.31,17399.1504,14668.2223,91.68879724,77.29754784,1,1606,803,1080,340,2,465
12,1610,805,17,19073.17,17651.3745,14576.1505,92.54557318,76.42227537,0,1606,803,1069,331,2,474
12,1610,805,18,19194.22,17565.0013,14496.7997,91.51193067,75.52690185,1,1600,799,1064,327,6,478
12,1610,805,19,19154.06,17584.68,14492.7745,91.80654128,75.66424299,0,1600,799,1057,322,6,483
12,1610,805,20,19069.08,17727.8021,14285.5346,92.96621599,74.91465031,0,1600,799,1051,316,6,489
12,1610,805,21,19268.57,17778.2708,14217.1537,92.26564711,73.78416613,0,1600,799,1040,305,6,500
12,1610,805,22,18949.18,17394.527,14118.1274,91.79567137,74.50521553,0,1600,799,1037,302,6,503
12,1610,805,23,19156.68,17502.4808,14450.8599,91.36489621,75.43509575,0,1600,799,1031,296,6,509
12,1610,805,24,19062.51,17609.9181,14407.4748,92.37984977,75.58015602,0,1600,799,1024,289,6,516
12,1610,805,25,19147.82,17679.8063,14259.7277,92.33325935,74.47180776,0,1600,799,1020,285,6,520
12,1610,805,26,18858.24,17382.0233,13781.4176,92.17203355,73.07902328,0,1600,799,1016,281,6,524
12,1610,805,27,19077.73,17540.4457,14163.4584,91.94199572,74.2407949,0,1600,799,1012,277,6,528
12,1610,805,28,19058.38,17531.4844,13965.1307,91.9883243,73.27553916,0,1600,799,1008,273,6,532
12,1610,805,29,19097.13,17652.5161,14157.4838,92.43543978,74.13409135,0,1600,799,1006,271,6,534
12,1610,805,30,18989.75,17525.1524,14068.9558,92.28743085,74.08710383,0,1600,799,1001,267,6,538
13,2033,677,1,20374.66,18608.9074,20374.6567,91.33358495,99.9999838,0,2033,677,2033,677,0,0
13,2033,677,2,20295.1,18399.2245,19358.8587,90.65845697,95.38686038,1,2033,677,1975,635,0,42
13,2033,677,3,20377.66,18583.8971,18797.5315,91.1974049,92.24578043,0,2033,677,1890,578,0,99
13,2033,677,4,20308.31,18297.5067,18460.426,90.09861825,90.90084798,0,2033,677,1824,523,0,154
13,2033,677,5,20166.85,18295.7843,18084.9696,90.72207261,89.67671996,0,2033,677,1768,480,0,197
13,2033,677,6,20258.9,18197.7302,18235.5403,89.8258553,90.01248982,0,2033,677,1725,444,0,233
13,2033,677,7,20348.91,18337.5437,18055.1205,90.11560668,88.72770335,0,2033,677,1685,410,0,267
13,2033,677,8,20361,18240.6987,17866.0871,89.58645793,87.7466092,1,2031,676,1650,382,1,295
13,2033,677,9,20295.78,18227.1413,17597.4597,89.80754275,86.70501799,0,2031,676,1619,356,1,321
13,2033,677,10,20274.42,18247.9042,17779.673,90.00456832,87.69510053,0,2031,676,1604,343,1,334
13,2033,677,11,20279.77,18203.1437,17445.5651,89.76010921,86.02447217,0,2031,676,1590,332,1,345
13,2033,677,12,20394.65,18318.4571,17609.6498,89.81991405,86.344457,0,2031,676,1572,317,1,360
13,2033,677,13,20317.9,18304.4919,17332.7021,90.09047146,85.30754704,0,2031,676,1556,303,1,374
13,2033,677,14,20322.09,18316.1138,17378.2577,90.12908515,85.51412625,0,2031,676,1540,288,1,389
13,2033,677,15,20301.15,18327.4173,17201.7365,90.27772959,84.73281809,0,2031,676,1530,280,1,397
13,2033,677,16,20285.23,18350.5216,16872.406,90.46247738,83.17581807,0,2031,676,1505,261,1,416
13,2033,677,17,20380.87,18524.4523,17133.6039,90.89137166,84.06708791,0,2031,676,1491,248,1,429
13,2033,677,18,20320.43,18334.6608,17102.8379,90.22772057,84.16572828,0,2031,676,1485,243,1,434
13,2033,677,19,20381.63,18260.1336,16766.2187,89.59113476,82.26142217,1,2023,673,1476,235,4,442
13,2033,677,20,20347.21,18333.998,16668.2199,90.10570982,81.91894564,0,2023,673,1471,231,4,446
13,2033,677,21,20402.92,18335.2153,16877.7297,89.86564325,82.7221285,0,2023,673,1466,226,4,451
13,2033,677,22,20281.27,18167.5555,16827.9559,89.57799733,82.97289026,0,2023,673,1463,223,4,454
13,2033,677,23,20286.57,18145.6328,16711.1274,89.4465294,82.3753222,0,2023,673,1459,219,4,458
13,2033,677,24,20211.62,18052.4561,16688.9419,89.31721505,82.57102548,0,2023,673,1449,210,4,467
13,2033,677,25,20405.25,18338.1937,16772.1369,89.86997807,82.19520418,0,2023,673,1446,207,4,470
13,2033,677,26,20365.98,18349.0979,16602.3487,90.09680801,81.52000886,0,2023,673,1436,200,4,477
13,2033,677,27,20539.91,18490.644,16756.5139,90.023004,81.58026934,0,2023,673,1435,199,4,478
13,2033,677,28,20286.39,18362.2661,16411.6355,90.51519812,80.89973376,0,2023,673,1432,196,4,481
13,2033,677,29,20232.78,18194.4695,16579.7917,89.92570225,81.94519834,0,2023,673,1428,193,4,484
13,2033,677,30,20266.37,18141.6618,16307.2524,89.51608897,80.4645943,1,2022,672,1421,187,5,490
14,2134,711,1,21993.95,19836.5645,21993.9485,90.1910048,99.99999318,0,2134,711,2134,711,0,0
14,2134,711,2,22063.69,19990.7533,20688.1013,90.60475968,93.76537334,0,2134,711,2059,658,0,53
14,2134,711,3,21950.7,20060.3057,20154.5181,91.38799993,91.81719991,0,2134,711,1976,597,0,114
14,2134,711,4,22129.02,20437.102,20217.1749,92.35430218,91.36046196,0,2134,711,1895,539,0,172
14,2134,711,5,22164.44,20115.4739,19933.1153,90.7556153,89.93286228,0,2134,711,1844,496,0,215
14,2134,711,6,22180.66,20206.4678,19710.4566,91.09948847,88.86325565,0,2134,711,1784,449,0,262
14,2134,711,7,21992.7,20074.4617,19701.6449,91.27784083,89.58265652,0,2134,711,1749,420,0,291
14,2134,711,8,21976.1,19905.1322,19378.7158,90.57627241,88.18086831,0,2134,711,1711,387,0,324
14,2134,711,9,22092.3,19923.4304,19294.838,90.1826899,87.33738905,1,2128,708,1670,355,3,356
14,2134,711,10,22104.46,19954.3697,19145.6172,90.27304761,86.61427241,0,2128,708,1645,336,3,375
14,2134,711,11,21978.96,19997.2606,19032.6741,90.98365255,86.59497128,0,2128,708,1628,321,3,390
14,2134,711,12,21952.14,20140.973,18769.2441,91.74947408,85.5007489,0,2128,708,1612,308,3,403
14,2134,711,13,22199.38,20198.1091,18952.1639,90.98501445,85.37249193,0,2128,708,1594,294,3,417
14,2134,711,14,21988.73,19894.9909,18548.2316,90.47812629,84.35335556,0,2128,708,1573,278,3,433
14,2134,711,15,21971.16,20002.64,18784.0774,91.04043665,85.49424518,0,2128,708,1563,270,3,441
14,2134,711,16,22030.59,20083.5202,18773.6073,91.1619716,85.21608954,0,2128,708,1549,257,3,454
14,2134,711,17,22069.93,20089.7552,18380.3968,91.02772505,83.28253329,0,2128,708,1533,245,3,466
14,2134,711,18,22115.95,20047.3533,18205.8356,90.64658448,82.31993471,0,2128,708,1524,238,3,473
14,2134,711,19,22184.34,20122.6345,18507.9303,90.70648259,83.4279059,0,2128,708,1523,237,3,474
14,2134,711,20,22110.3,20212.3951,18455.1986,91.41619562,83.46878423,0,2128,708,1516,232,3,479
14,2134,711,21,22204.18,20099.7119,18439.5756,90.52219852,83.04551485,0,2128,708,1513,229,3,482
14,2134,711,22,22188.73,20215.7231,18565.6874,91.10806747,83.6716991,0,2128,708,1506,222,3,489
14,2134,711,23,22132.81,20150.8704,18213.2872,91.04524188,82.29089393,0,2128,708,1499,217,3,494
14,2134,711,24,21984.11,20112.7014,18195.8952,91.48744889,82.7683959,0,2128,708,1496,214,3,497
14,2134,711,25,22002.29,20061.9665,18487.369,91.18126568,84.02474924,0,2128,708,1494,212,3,499
14,2134,711,26,22087.02,20081.1071,18225.0867,90.91813699,82.51491917,0,2128,708,1490,208,3,503
14,2134,711,27,21937.75,19935.2836,17977.919,90.87205206,81.94969402,0,2128,708,1489,207,3,504
14,2134,711,28,22094.62,20139.6652,18314.9757,91.15189671,82.89337269,0,2128,708,1486,205,3,506
14,2134,711,29,22037.43,20104.6616,18166.7064,91.22961071,82.4356851,0,2128,708,1485,204,3,507
14,2134,711,30,22086.55,20026.9543,17928.8522,90.67488721,81.1754312,0,2128,708,1484,203,3,508
15,2208,736,1,35090.64,31825.4389,35091.0595,90.69495142,100.0011955,1,2208,736,2208,736,0,0
15,2208,736,2,35047.98,31816.1779,33444.8552,90.7789205,95.42591385,1,2204,734,2144,695,2,41
15,2208,736,3,35000.06,31990.724,33021.7106,91.40191188,94.34758283,0,2204,734,2068,640,2,96
15,2208,736,4,35143.95,31919.2337,32046.3494,90.82426335,91.18596344,0,2204,734,1952,566,2,170
15,2208,736,5,35012.28,31851.4125,31700.1202,90.9721175,90.54000539,0,2204,734,1871,504,2,232
15,2208,736,6,35091.46,31975.2639,31428.0841,91.11978783,89.56049164,0,2204,734,1805,450,2,286
15,2208,736,7,34906.05,31809.8435,31353.6253,91.12988579,89.82289689,0,2204,734,1759,412,2,324
15,2208,736,8,35066.22,31884.1947,30876.191,90.92566778,88.0510959,0,2204,734,1721,381,2,355
15,2208,736,9,34907.44,31889.923,30630.3623,91.35566229,87.74737506,0,2204,734,1680,350,2,386
15,2208,736,10,35086.59,31951.9636,30760.9396,91.06602722,87.67149957,0,2204,734,1660,333,2,403
15,2208,736,11,35115.29,31913.8695,30239.7661,90.8831153,86.11566671,0,2204,734,1628,310,2,426
15,2208,736,12,35189.63,31753.478,30383.8621,90.23532785,86.34322697,1,2198,731,1605,292,5,444
15,2208,736,13,34907.59,31369.8204,30004.5509,89.86532843,85.95423202,0,2198,731,1581,273,5,463
15,2208,736,14,34965.83,31574.211,29737.2486,90.30019021,85.04659721,0,2198,731,1571,264,5,472
15,2208,736,15,35094.29,31714.0353,29607.5786,90.36807783,84.36580025,0,2198,731,1545,243,5,493
15,2208,736,16,34798.25,31812.7076,28960.02,91.42042373,83.22263332,0,2198,731,1532,231,5,505
15,2208,736,17,34933.26,31817.0259,29498.7737,91.07946381,84.44323175,0,2198,731,1522,222,5,514
15,2208,736,18,34717.66,31441.6309,29391.276,90.56379635,84.65799826,0,2198,731,1515,216,5,520
15,2208,736,19,35182,31773.9179,29131.3511,90.312995,82.80186203,0,2198,731,1502,208,5,528
15,2208,736,20,34856.07,31694.6897,28383.6089,90.9301872,81.43089252,0,2198,731,1496,202,5,534
15,2208,736,21,35021.11,31631.8201,29177.6622,90.3221517,83.3144986,0,2198,731,1483,191,5,545
15,2208,736,22,34904.6,31853.4807,28543.9465,91.25868997,81.77703369,0,2198,731,1476,185,5,551
15,2208,736,23,34976.76,31513.417,29095.0725,90.09815946,83.18401276,0,2198,731,1469,179,5,557
15,2208,736,24,35112.77,31727.279,28446.1445,90.35823434,81.01367252,0,2198,731,1457,168,5,568
15,2208,736,25,35079.87,31710.8677,28830.3518,90.39619503,82.1848878,0,2198,731,1452,164,5,572
15,2208,736,26,35021.25,31855.7646,28626.9226,90.96124382,81.74157861,0,2198,731,1449,161,5,575
15,2208,736,27,35174.3,32097.1422,28198.7763,91.25168717,80.1686922,0,2198,731,1446,158,5,578
15,2208,736,28,34812.88,31484.2776,28638.0219,90.4385894,82.26271972,0,2198,731,1444,156,5,580
15,2208,736,29,35061.42,31774.9801,28503.6497,90.62662066,81.29633569,0,2198,731,1439,153,5,583
15,2208,736,30,34982.25,31498.4096,28556.9964,90.04111971,81.63281779,0,2198,731,1435,150,5,586
